statefips,year,month,ds_o3_pred
1,2011,1,34.03745454581943
1,2011,2,39.16783188525708
1,2011,3,41.40632761186211
1,2011,4,43.477088686994556
1,2011,5,44.9412902112363
1,2011,6,49.03858947122652
1,2011,7,43.15204744456523
1,2011,8,53.260135970879894
1,2011,9,42.07632875450248
1,2011,10,41.96386808336034
1,2011,11,32.968027727670574
1,2011,12,27.210118386289935
1,2012,1,31.957494176019743
1,2012,2,35.34322242927464
1,2012,3,42.18492237990874
1,2012,4,46.42541877978769
1,2012,5,49.57944246218949
1,2012,6,50.770078429935374
1,2012,7,40.623885630792714
1,2012,8,42.35371647594688
1,2012,9,38.973331033586824
1,2012,10,38.66907073854312
1,2012,11,37.03205318853971
1,2012,12,32.07861419991606
1,2013,1,31.074299024747326
1,2013,2,38.61092336628849
1,2013,3,46.83400553970445
1,2013,4,44.122704938340746
1,2013,5,42.14304684980907
1,2013,6,39.6224602897924
1,2013,7,33.86238510662565
1,2013,8,35.797995332587334
1,2013,9,42.228059617348016
1,2013,10,34.760658910169695
1,2013,11,30.96610836746634
1,2013,12,27.715800899483362
1,2014,1,32.075569373865854
1,2014,2,33.40233752945858
1,2014,3,42.03415855102753
1,2014,4,45.08324264464448
1,2014,5,45.16932368776111
1,2014,6,36.32799240940957
1,2014,7,41.04627109511902
1,2014,8,41.210712389743044
1,2014,9,35.66901596592511
1,2014,10,38.61052157004707
1,2014,11,34.48678491586707
1,2014,12,26.00033375691809
4,2011,1,34.767624497383025
4,2011,2,41.57132484616921
4,2011,3,49.086594432699364
4,2011,4,53.52760835436407
4,2011,5,57.46152895057496
4,2011,6,58.298284173603015
4,2011,7,52.94152901025873
4,2011,8,53.338719988483945
4,2011,9,50.20686972263172
4,2011,10,44.16804472044721
4,2011,11,35.88373981169571
4,2011,12,30.765763325360833
4,2012,1,34.33964895692995
4,2012,2,42.46652999866096
4,2012,3,49.04327247338886
4,2012,4,56.672380082315314
4,2012,5,62.56859470218014
4,2012,6,53.713225478497044
4,2012,7,53.097248577410475
4,2012,8,52.74082297022144
4,2012,9,48.176090292943115
4,2012,10,43.5777491346938
4,2012,11,38.77896244904483
4,2012,12,37.03878028335815
4,2013,1,36.08617250473543
4,2013,2,42.74041862550095
4,2013,3,48.97843037758198
4,2013,4,53.24107293418046
4,2013,5,58.82550909817764
4,2013,6,51.61322307012373
4,2013,7,51.972632540802344
4,2013,8,48.8493127081225
4,2013,9,48.27199003692089
4,2013,10,44.95006335384863
4,2013,11,37.773464963250355
4,2013,12,36.563607172622966
4,2014,1,37.45679277047866
4,2014,2,40.978794086765795
4,2014,3,50.188006286544415
4,2014,4,55.282435485476704
4,2014,5,56.38059371587314
4,2014,6,52.30328575772691
4,2014,7,49.95353743448445
4,2014,8,48.95324776188621
4,2014,9,43.133771531436366
4,2014,10,44.440682879502226
4,2014,11,39.525023387594544
4,2014,12,32.60256086405486
5,2011,1,31.085658946230886
5,2011,2,35.63430227637676
5,2011,3,38.37888432058685
5,2011,4,43.574670832209456
5,2011,5,42.138284345271735
5,2011,6,46.86793427147789
5,2011,7,49.81681767595337
5,2011,8,52.54783178908121
5,2011,9,44.48737685364367
5,2011,10,44.45254907013422
5,2011,11,32.568343766258984
5,2011,12,27.737310553541338
5,2012,1,30.74906016253988
5,2012,2,33.773784282660195
5,2012,3,41.38882021324312
5,2012,4,44.402781017951106
5,2012,5,49.76513311807899
5,2012,6,53.39332430365821
5,2012,7,47.9414453220558
5,2012,8,51.88009158181667
5,2012,9,43.98283855347436
5,2012,10,38.35769548006833
5,2012,11,35.56014773959345
5,2012,12,30.128504709610315
5,2013,1,30.199164709280915
5,2013,2,36.995704794620345
5,2013,3,43.306682760863694
5,2013,4,43.74087925672695
5,2013,5,42.40666180834466
5,2013,6,43.46693673198458
5,2013,7,44.68497640274967
5,2013,8,44.47084838198173
5,2013,9,48.37007679254468
5,2013,10,31.704490682423955
5,2013,11,29.881729817457618
5,2013,12,28.335613389591135
5,2014,1,35.223146551060914
5,2014,2,36.294345154584846
5,2014,3,42.17762034048308
5,2014,4,45.797246901202136
5,2014,5,42.372361422383484
5,2014,6,33.07965718651316
5,2014,7,38.75571706749633
5,2014,8,40.529920544622186
5,2014,9,36.51663185942393
5,2014,10,35.59357338034197
5,2014,11,32.06255368625759
5,2014,12,20.985447546022627
6,2011,1,24.003349355628778
6,2011,2,36.051582565209024
6,2011,3,39.19763280673293
6,2011,4,44.301049618192884
6,2011,5,48.301759936599716
6,2011,6,45.99847403847267
6,2011,7,43.7522821088388
6,2011,8,47.531428669126065
6,2011,9,48.655765792745385
6,2011,10,39.80051510847182
6,2011,11,29.490075171174954
6,2011,12,24.88050477214384
6,2012,1,26.1940728733501
6,2012,2,34.42863115623686
6,2012,3,40.277848028445725
6,2012,4,43.69897248105796
6,2012,5,48.80239000957503
6,2012,6,43.753816552860805
6,2012,7,45.80660448882475
6,2012,8,48.07205320456953
6,2012,9,47.9939529737902
6,2012,10,38.79121617157843
6,2012,11,31.01564960407198
6,2012,12,28.477916883372643
6,2013,1,28.00238591987336
6,2013,2,35.613790414069335
6,2013,3,40.35143652224617
6,2013,4,44.22916318093121
6,2013,5,46.124473199410936
6,2013,6,40.67728569655217
6,2013,7,44.64740712344778
6,2013,8,41.97025599609186
6,2013,9,41.58510607870326
6,2013,10,40.06065837274978
6,2013,11,32.64814205108887
6,2013,12,27.72488104797063
6,2014,1,29.278521590464667
6,2014,2,33.68753375246355
6,2014,3,40.728190822682855
6,2014,4,46.60428740753857
6,2014,5,47.13447357444897
6,2014,6,44.11294309664429
6,2014,7,42.93743290906617
6,2014,8,44.22297018996073
6,2014,9,44.240949769276995
6,2014,10,43.23955497340748
6,2014,11,32.46938226618652
6,2014,12,27.55444528746667
8,2011,1,36.48446007433273
8,2011,2,41.810232720132184
8,2011,3,47.917153126830435
8,2011,4,50.75159567831756
8,2011,5,51.16291115386008
8,2011,6,58.91304054308004
8,2011,7,60.662763124351244
8,2011,8,59.59311877667987
8,2011,9,46.8497999524726
8,2011,10,41.253034490525295
8,2011,11,35.794904194577306
8,2011,12,31.90697844708988
8,2012,1,34.34963340007905
8,2012,2,40.14557883785289
8,2012,3,48.65560111951239
8,2012,4,55.35362096854406
8,2012,5,58.40820820816664
8,2012,6,57.18402343713654
8,2012,7,61.79635493272762
8,2012,8,58.9294627380168
8,2012,9,49.469988262104415
8,2012,10,38.21012525955093
8,2012,11,36.063913564380314
8,2012,12,35.99712893834904
8,2013,1,35.74633456152202
8,2013,2,41.981925245260435
8,2013,3,47.575878995443
8,2013,4,49.48521407488979
8,2013,5,55.2730499311431
8,2013,6,55.856866928877075
8,2013,7,58.46489431559085
8,2013,8,55.6800402804341
8,2013,9,46.03514923634679
8,2013,10,38.24607269022776
8,2013,11,35.534031232060265
8,2013,12,34.2359236590692
8,2014,1,37.95685114513852
8,2014,2,39.065355432333874
8,2014,3,45.87621415860221
8,2014,4,51.84296748451197
8,2014,5,52.359266364087205
8,2014,6,53.768357448130956
8,2014,7,52.96595958915519
8,2014,8,50.387574825081046
8,2014,9,44.357352679256316
8,2014,10,40.55544144842934
8,2014,11,35.79091273122713
8,2014,12,30.820090978984357
9,2011,1,28.037429374851563
9,2011,2,35.34908158185331
9,2011,3,41.155016098083344
9,2011,4,43.00876504204971
9,2011,5,41.416315726780404
9,2011,6,47.22912969520395
9,2011,7,51.63511010235928
9,2011,8,42.26068930652495
9,2011,9,36.95753931900165
9,2011,10,30.31240434880719
9,2011,11,29.153344504826208
9,2011,12,24.92554398197902
9,2012,1,24.351469750085506
9,2012,2,32.27951074267065
9,2012,3,37.48855425967005
9,2012,4,47.780431870074324
9,2012,5,44.18722792811387
9,2012,6,47.631210569840825
9,2012,7,51.61398896582329
9,2012,8,52.756797419019485
9,2012,9,38.55221900608426
9,2012,10,29.551337881584267
9,2012,11,27.257018646127573
9,2012,12,26.859635097194843
9,2013,1,30.377979772872962
9,2013,2,35.19742193322425
9,2013,3,41.9174958519135
9,2013,4,48.52920272535608
9,2013,5,46.27462376681363
9,2013,6,51.079776175864666
9,2013,7,46.598954386126586
9,2013,8,44.851254886620346
9,2013,9,39.78975632138713
9,2013,10,32.57763837893672
9,2013,11,30.57271576323637
9,2013,12,24.581313224678603
9,2014,1,28.293811664105704
9,2014,2,35.58141363930422
9,2014,3,40.3924147514857
9,2014,4,46.30015557074396
9,2014,5,45.41548420877652
9,2014,6,44.27498042491402
9,2014,7,50.85184227233121
9,2014,8,43.43693465216183
9,2014,9,38.94272074496087
9,2014,10,29.919428939088146
9,2014,11,29.026119896491764
9,2014,12,25.64423192670423
10,2011,1,28.669346336226646
10,2011,2,37.81883103463594
10,2011,3,40.4167091531883
10,2011,4,43.3818893908951
10,2011,5,47.395872899723464
10,2011,6,58.28457947935526
10,2011,7,60.978448118829704
10,2011,8,47.31586209947786
10,2011,9,33.59062592645605
10,2011,10,30.380626051012754
10,2011,11,29.972229452996732
10,2011,12,24.821884090098504
10,2012,1,27.46614313332647
10,2012,2,32.116500257049466
10,2012,3,40.32801245570386
10,2012,4,47.9146646323752
10,2012,5,46.46879442326871
10,2012,6,55.17217151982683
10,2012,7,58.19547797440621
10,2012,8,53.1689435699663
10,2012,9,41.52562756497913
10,2012,10,33.013850120013764
10,2012,11,27.110655129521795
10,2012,12,25.339834618778877
10,2013,1,27.52270189230605
10,2013,2,33.02506130182085
10,2013,3,40.22747598916123
10,2013,4,49.14838709904718
10,2013,5,46.176737846412436
10,2013,6,45.687464011836624
10,2013,7,42.34670047419109
10,2013,8,43.5863052493936
10,2013,9,41.96681690092136
10,2013,10,35.14985608204507
10,2013,11,30.458066228457366
10,2013,12,27.197406673226023
10,2014,1,29.082391261152864
10,2014,2,35.70369346586732
10,2014,3,40.26600643000808
10,2014,4,47.84716406917811
10,2014,5,47.521271927600395
10,2014,6,47.76930508463225
10,2014,7,47.39604234720867
10,2014,8,45.905973880436946
10,2014,9,37.803831626872736
10,2014,10,33.01506522854205
10,2014,11,29.989466487613328
10,2014,12,23.566251703467017
11,2011,1,25.52059972363176
11,2011,2,35.01651934497207
11,2011,3,39.876595401906016
11,2011,4,42.362414511900425
11,2011,5,48.98633709244909
11,2011,6,59.041842342271885
11,2011,7,63.62722013203781
11,2011,8,50.558710094791856
11,2011,9,33.59031401609794
11,2011,10,26.697106455306916
11,2011,11,28.526350284171322
11,2011,12,21.326872294994285
11,2012,1,24.319846063906358
11,2012,2,30.631380428205862
11,2012,3,39.90351500644031
11,2012,4,47.883860563278674
11,2012,5,48.28153035839551
11,2012,6,57.0310127954828
11,2012,7,57.90002947751396
11,2012,8,56.88573343925867
11,2012,9,42.31302363945595
11,2012,10,29.860448014072965
11,2012,11,26.223126459836568
11,2012,12,21.0829942473012
11,2013,1,24.42039569808592
11,2013,2,28.519262399687065
11,2013,3,41.64114316943417
11,2013,4,49.620579556209364
11,2013,5,46.354895294961935
11,2013,6,46.1883360161115
11,2013,7,43.43576076009987
11,2013,8,46.078902470761484
11,2013,9,43.77220033622949
11,2013,10,31.29669107055187
11,2013,11,26.329960226990163
11,2013,12,22.1673734927971
11,2014,1,26.563339458264547
11,2014,2,31.38683386712215
11,2014,3,36.41110796456764
11,2014,4,46.26987026671011
11,2014,5,48.68374660000406
11,2014,6,50.61784663319146
11,2014,7,49.15640495331993
11,2014,8,47.605253839615365
11,2014,9,37.488526437912526
11,2014,10,31.98308923801793
11,2014,11,27.49486979072666
11,2014,12,19.827372860904212
12,2011,1,38.98937087076615
12,2011,2,39.013860065648245
12,2011,3,46.65424140612746
12,2011,4,43.49971409555805
12,2011,5,47.90926216037422
12,2011,6,38.669957860020624
12,2011,7,29.650148914842394
12,2011,8,33.68802415682365
12,2011,9,34.10802442758352
12,2011,10,39.171185890837926
12,2011,11,36.372580306978854
12,2011,12,35.099149458212736
12,2012,1,36.77834406459782
12,2012,2,35.526706657964475
12,2012,3,42.28361962711259
12,2012,4,49.45940582267168
12,2012,5,41.01696343432162
12,2012,6,36.1679989618293
12,2012,7,30.762295684301666
12,2012,8,28.597860330669196
12,2012,9,33.139276984969534
12,2012,10,36.180976962629764
12,2012,11,39.99125102409872
12,2012,12,34.234291426205814
12,2013,1,35.4724139178123
12,2013,2,40.04774930475441
12,2013,3,49.323067374497086
12,2013,4,40.64349039861049
12,2013,5,42.484322949227604
12,2013,6,28.64594588723392
12,2013,7,27.487328393272815
12,2013,8,28.828064336795773
12,2013,9,32.16455760958194
12,2013,10,36.51086304341037
12,2013,11,34.82861833952469
12,2013,12,32.0629838946776
12,2014,1,34.08303304881049
12,2014,2,34.35293641628759
12,2014,3,43.81201553080647
12,2014,4,42.612193408159506
12,2014,5,45.65401969018968
12,2014,6,34.11905271433411
12,2014,7,32.59067161956556
12,2014,8,33.18260191759622
12,2014,9,28.275050203063014
12,2014,10,40.458678428940416
12,2014,11,36.43417531068274
12,2014,12,31.37549376745451
13,2011,1,32.35779985932629
13,2011,2,39.40749793512992
13,2011,3,42.807039812166124
13,2011,4,46.17044586908013
13,2011,5,51.25726450353788
13,2011,6,53.71863777494867
13,2011,7,46.89250784329067
13,2011,8,55.377633540814
13,2011,9,43.81850064942941
13,2011,10,41.34765686056692
13,2011,11,33.37021701200976
13,2011,12,29.137684602624034
13,2012,1,31.0840298144482
13,2012,2,34.96148278622681
13,2012,3,42.40898055471638
13,2012,4,47.755006126527704
13,2012,5,48.52135349924667
13,2012,6,48.85866618377621
13,2012,7,43.05720764213921
13,2012,8,41.09924459026649
13,2012,9,38.848890648457576
13,2012,10,36.76051730837405
13,2012,11,36.5766615051972
13,2012,12,30.070993524899897
13,2013,1,31.64396031669804
13,2013,2,38.19247467780948
13,2013,3,45.72846992551509
13,2013,4,44.9748753016308
13,2013,5,44.154170734410016
13,2013,6,36.73644158919954
13,2013,7,31.65195029502482
13,2013,8,34.27132184731126
13,2013,9,41.62824729714031
13,2013,10,35.20297494344474
13,2013,11,30.787200117947908
13,2013,12,27.87493100418061
13,2014,1,32.35903758111514
13,2014,2,35.80321526066162
13,2014,3,42.827481000870385
13,2014,4,46.70936597362652
13,2014,5,46.291215769983076
13,2014,6,39.83584495672684
13,2014,7,40.651205455065956
13,2014,8,42.4816053447717
13,2014,9,32.62804779596448
13,2014,10,37.57150761663162
13,2014,11,33.08196995362103
13,2014,12,24.78360943661714
16,2011,1,32.36646935225521
16,2011,2,39.6935036144535
16,2011,3,44.86078850350055
16,2011,4,47.22402185460299
16,2011,5,48.0509039877321
16,2011,6,46.69707699738416
16,2011,7,46.03759532692408
16,2011,8,50.2532320215284
16,2011,9,45.66591009479567
16,2011,10,34.120309522028634
16,2011,11,33.736357900223716
16,2011,12,26.77629706166869
16,2012,1,30.729927195164933
16,2012,2,35.61623010228059
16,2012,3,42.042032555542825
16,2012,4,46.57602008332572
16,2012,5,50.21033285598169
16,2012,6,46.03000927039834
16,2012,7,50.784252196765834
16,2012,8,51.36176548885928
16,2012,9,45.93961812108865
16,2012,10,33.61108149392803
16,2012,11,29.35555477548918
16,2012,12,31.92592463333644
16,2013,1,30.480847890713903
16,2013,2,37.95816722567295
16,2013,3,43.38811710703403
16,2013,4,44.824621647196764
16,2013,5,45.19577674876825
16,2013,6,41.87049469008234
16,2013,7,50.90669959339095
16,2013,8,48.96112864257023
16,2013,9,39.64375417860791
16,2013,10,33.16366426628761
16,2013,11,28.07862988264783
16,2013,12,27.599099270480412
16,2014,1,30.00187955184719
16,2014,2,34.99734569732426
16,2014,3,41.094637961389815
16,2014,4,46.09077536236628
16,2014,5,45.787518270817
16,2014,6,42.59061472665526
16,2014,7,47.53496139922726
16,2014,8,47.17524499026669
16,2014,9,41.81719803787425
16,2014,10,36.220182727635766
16,2014,11,31.531370533390426
16,2014,12,26.905467065437044
17,2011,1,26.8021711351399
17,2011,2,34.16428735676611
17,2011,3,36.38258600733373
17,2011,4,37.75840299333492
17,2011,5,41.17786277018144
17,2011,6,45.83587063885807
17,2011,7,52.27966135081025
17,2011,8,44.940144832146714
17,2011,9,35.34874741451629
17,2011,10,34.94179135756874
17,2011,11,26.231026988501846
17,2011,12,19.98977934262247
17,2012,1,24.028419341816043
17,2012,2,28.741701928603355
17,2012,3,39.463527260056566
17,2012,4,44.03301142342595
17,2012,5,53.021801003867516
17,2012,6,57.84856422935888
17,2012,7,58.226051130747976
17,2012,8,53.67751832741202
17,2012,9,39.866088010533545
17,2012,10,31.63089062883821
17,2012,11,25.589403204560718
17,2012,12,23.239083523098447
17,2013,1,26.56581627606056
17,2013,2,32.92237749703042
17,2013,3,40.533123184828185
17,2013,4,43.95371346929789
17,2013,5,44.56946577080195
17,2013,6,46.30333807676552
17,2013,7,43.54373571312154
17,2013,8,44.920481608904396
17,2013,9,44.34007996120551
17,2013,10,29.86478411141746
17,2013,11,24.893626729550114
17,2013,12,24.163198258982035
17,2014,1,29.273876120241283
17,2014,2,34.61376767759911
17,2014,3,38.43091268688401
17,2014,4,44.57388616503073
17,2014,5,46.968869323603656
17,2014,6,45.547839302840714
17,2014,7,41.79864203374726
17,2014,8,43.87273836218521
17,2014,9,40.52219903689857
17,2014,10,30.156316535817247
17,2014,11,26.365562098580874
17,2014,12,19.559321212492943
18,2011,1,25.76404366709887
18,2011,2,32.598959603835254
18,2011,3,36.77042239733088
18,2011,4,42.155193534304914
18,2011,5,43.369809716850675
18,2011,6,50.35297147807818
18,2011,7,54.24135980905268
18,2011,8,47.75208754906171
18,2011,9,36.071149990410156
18,2011,10,37.085769053335596
18,2011,11,29.158109342724455
18,2011,12,21.995443352782026
18,2012,1,25.364078613916405
18,2012,2,28.947821236500285
18,2012,3,40.833834899970284
18,2012,4,43.691717642617064
18,2012,5,52.72863573353711
18,2012,6,57.051175368128355
18,2012,7,57.503947469403705
18,2012,8,52.562443302942825
18,2012,9,38.73304754700716
18,2012,10,32.56847644292483
18,2012,11,26.95367981087487
18,2012,12,23.287823380711885
18,2013,1,26.940633655115523
18,2013,2,32.99801512787986
18,2013,3,40.7717157955836
18,2013,4,43.814999551029736
18,2013,5,44.646459323853406
18,2013,6,48.77188931879324
18,2013,7,42.163344729186385
18,2013,8,44.97010615966342
18,2013,9,42.3193326145221
18,2013,10,30.602322655474634
18,2013,11,26.444971494887632
18,2013,12,25.203587566631498
18,2014,1,28.950448893413867
18,2014,2,35.88426502292493
18,2014,3,39.963330288296454
18,2014,4,45.550458141087155
18,2014,5,46.79214733311573
18,2014,6,45.896060146650136
18,2014,7,41.284423081617895
18,2014,8,42.93753501502632
18,2014,9,38.95575488131884
18,2014,10,28.984430287492078
18,2014,11,26.649291662009567
18,2014,12,20.642163546499
19,2011,1,31.916172546328692
19,2011,2,38.0126598547348
19,2011,3,40.90111691304363
19,2011,4,42.68877076638629
19,2011,5,44.433854006637645
19,2011,6,45.459033721493036
19,2011,7,45.41025755293033
19,2011,8,39.311641888256545
19,2011,9,33.31101466251818
19,2011,10,36.78222150527964
19,2011,11,28.899501300272547
19,2011,12,22.939244968878253
19,2012,1,25.774678221337727
19,2012,2,30.170551301493536
19,2012,3,39.97035729855588
19,2012,4,44.11031854210342
19,2012,5,50.68203266007511
19,2012,6,53.58644882842961
19,2012,7,53.114620862511536
19,2012,8,49.50294939184073
19,2012,9,41.21937278743643
19,2012,10,30.64129671410771
19,2012,11,27.520221316274487
19,2012,12,25.77167541337701
19,2013,1,29.09127330709822
19,2013,2,35.75573089738641
19,2013,3,43.460704164465575
19,2013,4,45.17168850133663
19,2013,5,43.84957300047167
19,2013,6,42.27776346990535
19,2013,7,45.22257818051887
19,2013,8,43.96894263174872
19,2013,9,42.17990773607566
19,2013,10,30.480196780676245
19,2013,11,25.717027165314857
19,2013,12,25.574517880761327
19,2014,1,30.73249941479576
19,2014,2,35.4062335062196
19,2014,3,39.91256381874655
19,2014,4,45.12441364001932
19,2014,5,47.16889216287756
19,2014,6,43.79365638842983
19,2014,7,37.50253443281239
19,2014,8,37.84640689457042
19,2014,9,36.14449749289211
19,2014,10,30.08942437057859
19,2014,11,28.22018567215848
19,2014,12,20.686636164944098
20,2011,1,31.220324985380284
20,2011,2,37.94342569366887
20,2011,3,40.72686920320252
20,2011,4,48.41631664610934
20,2011,5,45.63991795749658
20,2011,6,51.85485635239548
20,2011,7,58.8796766424835
20,2011,8,56.42116049168038
20,2011,9,41.97829635717974
20,2011,10,43.6124550799387
20,2011,11,31.102514858466495
20,2011,12,24.740446767542718
20,2012,1,27.75503985840587
20,2012,2,32.69439385985358
20,2012,3,43.202836045051036
20,2012,4,45.36454640021479
20,2012,5,53.93531205956547
20,2012,6,58.24403895724055
20,2012,7,60.2770084613625
20,2012,8,57.370720764939875
20,2012,9,44.92759117663258
20,2012,10,36.12830374316399
20,2012,11,34.22140589178816
20,2012,12,27.7707533648717
20,2013,1,30.86353625360438
20,2013,2,38.071740904949976
20,2013,3,44.27372585166995
20,2013,4,45.65474270166482
20,2013,5,43.97104704621919
20,2013,6,45.64293798721807
20,2013,7,50.148721559640144
20,2013,8,47.312121287762615
20,2013,9,47.717050502665685
20,2013,10,35.08084850242989
20,2013,11,30.022419808107323
20,2013,12,27.270494836157706
20,2014,1,32.22023160305851
20,2014,2,36.712523400277384
20,2014,3,41.95165213311002
20,2014,4,47.66525760399074
20,2014,5,48.46787581654717
20,2014,6,43.812672473429345
20,2014,7,44.70469292968619
20,2014,8,48.34520339994395
20,2014,9,38.82386624310377
20,2014,10,35.355239508847006
20,2014,11,30.086222828462954
20,2014,12,21.72394614095624
21,2011,1,29.909081608852752
21,2011,2,36.90157979648058
21,2011,3,41.399754609801384
21,2011,4,47.459363800906175
21,2011,5,44.285808812447684
21,2011,6,53.200968309684804
21,2011,7,52.89760748132582
21,2011,8,54.020480644969176
21,2011,9,39.726006897392296
21,2011,10,37.84084828679654
21,2011,11,33.442842284855146
21,2011,12,25.39919296234734
21,2012,1,27.333298434933187
21,2012,2,32.10299184465933
21,2012,3,41.60972719019098
21,2012,4,45.833166700973344
21,2012,5,53.20149953186269
21,2012,6,58.719052465204605
21,2012,7,55.34171357411932
21,2012,8,55.360141208855666
21,2012,9,41.043511433549995
21,2012,10,35.34279412118775
21,2012,11,31.783491694694032
21,2012,12,27.496248447906503
21,2013,1,28.90050252026269
21,2013,2,35.694065713149726
21,2013,3,41.85879630404767
21,2013,4,46.7010233379688
21,2013,5,44.17588076489969
21,2013,6,48.644417808363485
21,2013,7,41.685552182390666
21,2013,8,43.81411085812792
21,2013,9,43.5733848210577
21,2013,10,31.45863920603282
21,2013,11,29.396187575730426
21,2013,12,28.153675231261637
21,2014,1,31.05502628192466
21,2014,2,35.49581002942274
21,2014,3,41.222011860219006
21,2014,4,49.317411165639996
21,2014,5,46.6885975801321
21,2014,6,44.365930809010344
21,2014,7,44.790833814039665
21,2014,8,45.677597062006484
21,2014,9,39.821480785124535
21,2014,10,31.89417819035508
21,2014,11,31.14183814401034
21,2014,12,21.542321073147672
22,2011,1,34.99580788208049
22,2011,2,37.79268720026503
22,2011,3,42.52922934480044
22,2011,4,45.1443782474152
22,2011,5,44.75103930557686
22,2011,6,44.12167238956512
22,2011,7,37.777410226296126
22,2011,8,50.388328480627685
22,2011,9,48.07018249266999
22,2011,10,47.563134658379255
22,2011,11,35.294294566672384
22,2011,12,28.38636606708253
22,2012,1,33.40956871099553
22,2012,2,32.96940534819742
22,2012,3,41.19735698554062
22,2012,4,47.197382301888936
22,2012,5,47.99890311724747
22,2012,6,46.383250646889515
22,2012,7,36.57167126558241
22,2012,8,40.699261600236866
22,2012,9,42.14294972348089
22,2012,10,42.777923591855036
22,2012,11,37.74724983835375
22,2012,12,31.949670798340886
22,2013,1,31.57233307474679
22,2013,2,37.633201661427506
22,2013,3,44.95433991817622
22,2013,4,39.70475943765412
22,2013,5,42.72127216143302
22,2013,6,39.316539393780616
22,2013,7,39.085838604478205
22,2013,8,40.046522463782615
22,2013,9,43.69143851457289
22,2013,10,35.92501282024356
22,2013,11,31.93604548063103
22,2013,12,28.511463873613476
22,2014,1,35.275489472677485
22,2014,2,33.986422642304895
22,2014,3,41.893255410376135
22,2014,4,43.06526656195178
22,2014,5,45.234906445432124
22,2014,6,31.870697648208527
22,2014,7,39.21701189185492
22,2014,8,36.264954405082015
22,2014,9,33.837703238028006
22,2014,10,39.88573947865353
22,2014,11,35.19574096978419
22,2014,12,24.762533463739675
23,2011,1,33.40641477983702
23,2011,2,39.147653385404375
23,2011,3,42.14405901908325
23,2011,4,44.24224979253748
23,2011,5,35.49944783490141
23,2011,6,34.960706901907116
23,2011,7,37.94991443431539
23,2011,8,34.97102720287571
23,2011,9,28.892446950247873
23,2011,10,29.537334997025955
23,2011,11,30.872296732107884
23,2011,12,27.95908544279367
23,2012,1,29.55756069378588
23,2012,2,34.93941084467707
23,2012,3,41.54666605955873
23,2012,4,44.416162569738745
23,2012,5,39.03403631740377
23,2012,6,34.574214013142054
23,2012,7,35.75676385247084
23,2012,8,37.30919791651285
23,2012,9,30.92821439979054
23,2012,10,29.82232671937394
23,2012,11,29.69783240139347
23,2012,12,29.77882345334294
23,2013,1,33.98558917853065
23,2013,2,37.73448881584418
23,2013,3,42.589235843648694
23,2013,4,46.78952644531597
23,2013,5,38.892178226984385
23,2013,6,37.36993719929402
23,2013,7,33.37215370845011
23,2013,8,34.66112157967516
23,2013,9,30.02608577181486
23,2013,10,29.76805567893017
23,2013,11,30.099113583632075
23,2013,12,27.556990840563483
23,2014,1,31.64393645829753
23,2014,2,37.32031891808962
23,2014,3,40.87962024261607
23,2014,4,44.32780849020626
23,2014,5,36.3469095511899
23,2014,6,33.881511489015416
23,2014,7,37.659568038929585
23,2014,8,29.555843988248274
23,2014,9,30.21267030094732
23,2014,10,27.389474129024308
23,2014,11,30.975306698988987
23,2014,12,28.299286739454793
24,2011,1,27.96084118184498
24,2011,2,36.60632431184696
24,2011,3,41.33946920829397
24,2011,4,43.97204823663126
24,2011,5,49.89975785584474
24,2011,6,58.88513734110551
24,2011,7,62.69316045227979
24,2011,8,48.68377604331616
24,2011,9,33.079300015522435
24,2011,10,29.011986098555287
24,2011,11,29.84680317329874
24,2011,12,23.139714619989917
24,2012,1,26.233458060161432
24,2012,2,32.12114449593917
24,2012,3,40.66723544695092
24,2012,4,47.623309334337684
24,2012,5,48.561055369956684
24,2012,6,56.65141234150816
24,2012,7,58.851967221479825
24,2012,8,54.20758210091002
24,2012,9,43.14830396048457
24,2012,10,32.986643693926695
24,2012,11,28.63826028942036
24,2012,12,24.378009686042013
24,2013,1,27.0353860858933
24,2013,2,32.225570450155615
24,2013,3,41.98347148027704
24,2013,4,50.398941323305834
24,2013,5,47.286251245933215
24,2013,6,47.39461903686043
24,2013,7,44.13203594227274
24,2013,8,44.84598881532431
24,2013,9,44.44784901649984
24,2013,10,34.30066016535095
24,2013,11,29.325100882390476
24,2013,12,26.23064987362959
24,2014,1,29.40078703518814
24,2014,2,35.070330864565456
24,2014,3,39.91369090684589
24,2014,4,48.357876383085575
24,2014,5,48.39835481886085
24,2014,6,48.80485662723225
24,2014,7,47.93050681680548
24,2014,8,46.1232044845534
24,2014,9,38.05621984284011
24,2014,10,33.155540138974104
24,2014,11,29.728692972358214
24,2014,12,22.766576486372582
25,2011,1,29.474096974972035
25,2011,2,36.24595872835327
25,2011,3,41.252403404257976
25,2011,4,44.07670267169367
25,2011,5,38.84663975734611
25,2011,6,41.368402777887596
25,2011,7,47.231506731336545
25,2011,8,39.75726481534264
25,2011,9,33.30452040996826
25,2011,10,30.753305044508142
25,2011,11,31.170374282133828
25,2011,12,25.611599882578837
25,2012,1,27.3462198701392
25,2012,2,33.37986500335338
25,2012,3,41.2476032864402
25,2012,4,48.14365747735385
25,2012,5,41.51461201108287
25,2012,6,42.9410674874579
25,2012,7,47.45846919270906
25,2012,8,47.55819980489383
25,2012,9,35.710756677464424
25,2012,10,31.830886440090943
25,2012,11,28.75356542450866
25,2012,12,29.276770448268923
25,2013,1,31.930315884161256
25,2013,2,36.08990526911037
25,2013,3,42.549420249660386
25,2013,4,47.13517546317523
25,2013,5,43.40587133563022
25,2013,6,44.01864266264203
25,2013,7,40.873002004781235
25,2013,8,42.257206342824425
25,2013,9,36.41607007837276
25,2013,10,32.917851341270485
25,2013,11,31.888607027364596
25,2013,12,28.500152370784523
25,2014,1,30.984104147662965
25,2014,2,37.190195861271384
25,2014,3,41.46527747400984
25,2014,4,45.13783611026123
25,2014,5,40.82941234695831
25,2014,6,38.745299916658155
25,2014,7,42.84670028129391
25,2014,8,36.99381088153062
25,2014,9,33.12193173221115
25,2014,10,29.345775319280364
25,2014,11,30.235126896897086
25,2014,12,27.20362548041605
26,2011,1,28.70612870031145
26,2011,2,35.73874346793017
26,2011,3,38.439311585035654
26,2011,4,42.3882578524966
26,2011,5,42.62894447622669
26,2011,6,49.244568071721446
26,2011,7,54.27186447838723
26,2011,8,42.199479973790424
26,2011,9,34.466436364306446
26,2011,10,31.73366310785917
26,2011,11,27.44352592057193
26,2011,12,22.453941244128337
26,2012,1,25.85236783433677
26,2012,2,30.226931055221737
26,2012,3,39.39713764879888
26,2012,4,44.42505517109114
26,2012,5,52.023843707295896
26,2012,6,52.60887444346445
26,2012,7,52.27719953951329
26,2012,8,46.23301467136786
26,2012,9,37.25845038488448
26,2012,10,29.817243332304447
26,2012,11,27.21842951422689
26,2012,12,26.59395738253361
26,2013,1,30.012061912480796
26,2013,2,34.45119187619945
26,2013,3,40.31915631088615
26,2013,4,44.54276760882579
26,2013,5,46.4189027411485
26,2013,6,46.361582145574985
26,2013,7,41.99369951925237
26,2013,8,41.24505204604213
26,2013,9,37.72452948381034
26,2013,10,29.298021806278165
26,2013,11,26.371288644981774
26,2013,12,26.688586145103823
26,2014,1,29.027220785465943
26,2014,2,35.310424798934655
26,2014,3,39.54207147456025
26,2014,4,45.243359883163635
26,2014,5,44.44488258002461
26,2014,6,45.791942496816574
26,2014,7,40.287667600192904
26,2014,8,39.3670490816815
26,2014,9,36.731940302220465
26,2014,10,27.571113530688525
26,2014,11,27.62937500058501
26,2014,12,24.028596226661396
27,2011,1,30.51537413294194
27,2011,2,36.88774060707836
27,2011,3,42.062541352629935
27,2011,4,43.871954014792585
27,2011,5,41.52199570823188
27,2011,6,41.55284308039221
27,2011,7,40.72121732797737
27,2011,8,35.4867113642707
27,2011,9,31.31320064220605
27,2011,10,33.7923220045943
27,2011,11,25.692252326181354
27,2011,12,23.282452094534236
27,2012,1,25.849576347046753
27,2012,2,30.09980167937824
27,2012,3,38.67669962658039
27,2012,4,43.202859363237316
27,2012,5,47.338228592293405
27,2012,6,50.10837704801374
27,2012,7,44.466080403235786
27,2012,8,40.8843924403065
27,2012,9,37.47897927545491
27,2012,10,26.48607261331449
27,2012,11,24.847136892285537
27,2012,12,24.7275141906242
27,2013,1,28.484561931672697
27,2013,2,33.646473214348035
27,2013,3,42.39082727360541
27,2013,4,44.13301631039859
27,2013,5,41.53093994982574
27,2013,6,41.26855262619842
27,2013,7,43.49170167724132
27,2013,8,40.564953282610475
27,2013,9,36.01325295127692
27,2013,10,27.29687732407641
27,2013,11,23.687416521076646
27,2013,12,24.61314968827522
27,2014,1,28.730494778675737
27,2014,2,32.24306773007641
27,2014,3,37.79704672544706
27,2014,4,42.91390085898547
27,2014,5,43.42577239661439
27,2014,6,41.966724866954635
27,2014,7,35.08122014975979
27,2014,8,35.0495011410676
27,2014,9,32.53583426513131
27,2014,10,26.121625482948247
27,2014,11,26.96450113479237
27,2014,12,20.69706453513476
28,2011,1,34.30464414210361
28,2011,2,39.59073111431885
28,2011,3,41.85013416896865
28,2011,4,44.51753180118214
28,2011,5,44.0828871759461
28,2011,6,46.65077151967437
28,2011,7,41.33999495417571
28,2011,8,51.158773635158965
28,2011,9,44.214532636497644
28,2011,10,42.45527263653322
28,2011,11,34.18570429522783
28,2011,12,28.877038417983403
28,2012,1,32.29239443620319
28,2012,2,34.22491940009565
28,2012,3,41.2303988137185
28,2012,4,46.21156294038851
28,2012,5,49.88607365231056
28,2012,6,49.906321154154654
28,2012,7,38.13503438726771
28,2012,8,43.25649136255725
28,2012,9,40.11000152053452
28,2012,10,39.03551425796497
28,2012,11,35.96387447971081
28,2012,12,31.500478564548416
28,2013,1,30.419563965847903
28,2013,2,36.98225827734968
28,2013,3,44.738280014538915
28,2013,4,41.60675676277668
28,2013,5,41.79603814843026
28,2013,6,41.38829986548166
28,2013,7,37.40013880979591
28,2013,8,38.56366303628458
28,2013,9,42.84147870800485
28,2013,10,32.424973267513494
28,2013,11,31.026339053494382
28,2013,12,28.27676506523669
28,2014,1,34.32498798499229
28,2014,2,34.42807115031931
28,2014,3,42.02640759120351
28,2014,4,44.56187622907632
28,2014,5,44.20959071179518
28,2014,6,32.99975524278025
28,2014,7,38.78513304669028
28,2014,8,37.93498965614905
28,2014,9,34.366340287848665
28,2014,10,37.186348076882425
28,2014,11,33.6095035928587
28,2014,12,23.76723006542066
29,2011,1,28.695758742301166
29,2011,2,35.3989001383312
29,2011,3,39.33913223263773
29,2011,4,46.05906889724924
29,2011,5,42.775587943162755
29,2011,6,50.72287186060059
29,2011,7,56.03594257459629
29,2011,8,52.11424406483233
29,2011,9,38.84319582193394
29,2011,10,41.81926134441042
29,2011,11,30.055088600326602
29,2011,12,23.925456732801294
29,2012,1,27.350862167417716
29,2012,2,31.76373969600009
29,2012,3,42.11891970273484
29,2012,4,45.47068912210912
29,2012,5,52.81060749707948
29,2012,6,57.53581176172442
29,2012,7,59.11102182627187
29,2012,8,56.64423484561089
29,2012,9,42.71640985875451
29,2012,10,34.783561381836606
29,2012,11,31.680187664499428
29,2012,12,27.101513152928682
29,2013,1,30.304301937902235
29,2013,2,36.19469241241346
29,2013,3,43.05278543170869
29,2013,4,45.7753228588178
29,2013,5,43.46210777668622
29,2013,6,44.07679761518883
29,2013,7,46.79723744828562
29,2013,8,46.03199080200377
29,2013,9,45.872024700462354
29,2013,10,32.61933078846457
29,2013,11,28.54434275778052
29,2013,12,27.055199685627954
29,2014,1,31.825051745082863
29,2014,2,36.029652289245156
29,2014,3,41.13684579165944
29,2014,4,46.670123179523834
29,2014,5,46.00196001623016
29,2014,6,40.62919104675435
29,2014,7,41.817776955332015
29,2014,8,44.073065806200084
29,2014,9,38.56510945529999
29,2014,10,32.91002126431203
29,2014,11,29.570013873477194
29,2014,12,20.911337424833658
30,2011,1,33.4705069102734
30,2011,2,39.596421516868745
30,2011,3,42.626706473928984
30,2011,4,46.713331634576136
30,2011,5,44.867796793966534
30,2011,6,43.07555953541181
30,2011,7,42.11268126478194
30,2011,8,45.6562804098075
30,2011,9,41.8630529655969
30,2011,10,35.15185874225336
30,2011,11,34.09956453524702
30,2011,12,30.04065036317105
30,2012,1,31.991686586768697
30,2012,2,33.49406471008923
30,2012,3,41.300404671720926
30,2012,4,45.88493854425551
30,2012,5,47.442103430892175
30,2012,6,43.01239237570519
30,2012,7,46.817392493955374
30,2012,8,45.590105164049035
30,2012,9,39.77714717323009
30,2012,10,30.391945268535167
30,2012,11,28.762491938129802
30,2012,12,30.77701489032214
30,2013,1,32.37650881092206
30,2013,2,37.33132428899922
30,2013,3,42.73972403281375
30,2013,4,43.84469380341063
30,2013,5,44.73918812718905
30,2013,6,40.59639986195229
30,2013,7,44.25052565077037
30,2013,8,44.06870557694648
30,2013,9,37.444965155842226
30,2013,10,30.665627580906172
30,2013,11,28.12852542411681
30,2013,12,31.507797618172425
30,2014,1,34.42935255151587
30,2014,2,36.914590898842285
30,2014,3,40.38513825333893
30,2014,4,45.940155940307925
30,2014,5,43.542537932988836
30,2014,6,37.88436605284371
30,2014,7,41.8514205566586
30,2014,8,42.020494052982144
30,2014,9,36.54414067910563
30,2014,10,34.14052138276947
30,2014,11,32.44885211283348
30,2014,12,27.324109253050803
31,2011,1,31.86027535511273
31,2011,2,37.96473524878341
31,2011,3,40.5438236520085
31,2011,4,42.14925125916186
31,2011,5,43.08148166735682
31,2011,6,44.97071513665815
31,2011,7,45.98296749403597
31,2011,8,40.41658868308989
31,2011,9,32.51021794380695
31,2011,10,37.5729861422273
31,2011,11,28.510471817681644
31,2011,12,23.27499008476556
31,2012,1,26.981714979474027
31,2012,2,31.200670981029795
31,2012,3,42.88323482813741
31,2012,4,44.321962928538134
31,2012,5,50.608931440362376
31,2012,6,53.43870184278717
31,2012,7,54.24526064184915
31,2012,8,50.724547612452554
31,2012,9,42.0429427845178
31,2012,10,31.974452411148267
31,2012,11,29.380396562028633
31,2012,12,28.34125407540618
31,2013,1,30.763760352062413
31,2013,2,37.639330350624626
31,2013,3,43.57155058514747
31,2013,4,44.52132286793466
31,2013,5,43.25534176779607
31,2013,6,42.65703404669316
31,2013,7,47.89457103745501
31,2013,8,45.228154959443685
31,2013,9,42.84545358403683
31,2013,10,31.990039090391978
31,2013,11,28.555703827345102
31,2013,12,26.752367235544764
31,2014,1,33.00860817329631
31,2014,2,36.182266128743365
31,2014,3,41.20085037826769
31,2014,4,46.5833441871553
31,2014,5,48.04128654531004
31,2014,6,44.27836826405611
31,2014,7,41.707722612931676
31,2014,8,41.039240830772805
31,2014,9,35.42925614659551
31,2014,10,33.666550920079175
31,2014,11,30.863658210526296
31,2014,12,23.290838542239353
32,2011,1,30.45994539121843
32,2011,2,41.15728188567648
32,2011,3,46.94762634366111
32,2011,4,51.58682348602309
32,2011,5,54.6349922794387
32,2011,6,61.03512761387356
32,2011,7,53.01059470340675
32,2011,8,56.169230446183946
32,2011,9,51.12635926488779
32,2011,10,39.34060079446235
32,2011,11,34.64784932935199
32,2011,12,28.06952529778866
32,2012,1,30.975916199359975
32,2012,2,39.01317884223924
32,2012,3,45.9184333551342
32,2012,4,50.800712788779855
32,2012,5,58.84787779703746
32,2012,6,55.20114507920846
32,2012,7,55.16457434523439
32,2012,8,53.88991306857568
32,2012,9,48.2000997606732
32,2012,10,40.11864033746421
32,2012,11,35.07275500419387
32,2012,12,33.986359899533724
32,2013,1,31.466996973304923
32,2013,2,39.72948164252775
32,2013,3,45.30658127137115
32,2013,4,49.083409872694816
32,2013,5,55.0563936058201
32,2013,6,49.87772098151999
32,2013,7,53.13165263232479
32,2013,8,50.66271983760819
32,2013,9,45.98907249817945
32,2013,10,39.732193623886694
32,2013,11,33.40522090241673
32,2013,12,29.227584594233832
32,2014,1,31.06677353115349
32,2014,2,38.29709465490717
32,2014,3,46.101047531497116
32,2014,4,52.08452065961769
32,2014,5,53.86139389225625
32,2014,6,54.195668258550214
32,2014,7,49.578497648922735
32,2014,8,51.20363634652423
32,2014,9,47.53860214739664
32,2014,10,42.418331237258194
32,2014,11,35.02047314161771
32,2014,12,30.1713403348601
33,2011,1,32.64478774820346
33,2011,2,39.426867932721734
33,2011,3,43.518469976265706
33,2011,4,45.79392217781989
33,2011,5,39.48395316903004
33,2011,6,40.69576413520107
33,2011,7,42.73465920511218
33,2011,8,37.030191418521795
33,2011,9,32.2573571234872
33,2011,10,29.89480278622673
33,2011,11,31.157705886513032
33,2011,12,27.371183941203196
33,2012,1,29.002568002628145
33,2012,2,35.976422301541845
33,2012,3,42.11887474576978
33,2012,4,48.061424679718385
33,2012,5,41.67800713213184
33,2012,6,39.57019143664002
33,2012,7,41.51457599156075
33,2012,8,43.375947013056965
33,2012,9,33.51421995758994
33,2012,10,31.292683730825164
33,2012,11,31.050883718999287
33,2012,12,30.68264513026271
33,2013,1,34.57044450726896
33,2013,2,39.266957718292225
33,2013,3,43.761676257208975
33,2013,4,49.69190412297343
33,2013,5,41.369758620934874
33,2013,6,41.054143971641835
33,2013,7,34.820683947875125
33,2013,8,38.09433655454649
33,2013,9,33.536796948866616
33,2013,10,32.45732268665998
33,2013,11,31.77190826231894
33,2013,12,28.388129975970333
33,2014,1,32.7602086453464
33,2014,2,38.92623849697853
33,2014,3,43.21353980589935
33,2014,4,47.108086813802245
33,2014,5,40.45864899918572
33,2014,6,38.984647611927606
33,2014,7,40.121518748570665
33,2014,8,34.076201883115495
33,2014,9,32.29525251953579
33,2014,10,29.0258262476908
33,2014,11,32.232845901239294
33,2014,12,29.674006497240182
34,2011,1,25.62574703916381
34,2011,2,34.76932078559084
34,2011,3,39.55595091787654
34,2011,4,41.2901298443275
34,2011,5,43.41762713945408
34,2011,6,52.707241624334976
34,2011,7,58.27259010459927
34,2011,8,45.16739436227784
34,2011,9,32.37576816630141
34,2011,10,28.537215672975318
34,2011,11,27.850337976456558
34,2011,12,22.872817145395594
34,2012,1,25.34680946563494
34,2012,2,30.916988488360914
34,2012,3,38.44203687010048
34,2012,4,46.916779071770996
34,2012,5,43.0497057519775
34,2012,6,50.75263624920516
34,2012,7,55.97653760677786
34,2012,8,52.705399654507566
34,2012,9,39.78608253388276
34,2012,10,29.838822492570436
34,2012,11,25.191798534918274
34,2012,12,24.294907746897547
34,2013,1,26.324198860000585
34,2013,2,31.670030381128193
34,2013,3,39.195685475860365
34,2013,4,46.89492837084084
34,2013,5,43.81478595229045
34,2013,6,46.89014810444665
34,2013,7,44.01823711750315
34,2013,8,44.32215009264132
34,2013,9,38.97790309248392
34,2013,10,33.22346251444354
34,2013,11,29.087159715490536
34,2013,12,23.507098301661447
34,2014,1,25.673686829311993
34,2014,2,33.3143012123685
34,2014,3,38.01846037089792
34,2014,4,44.38323096497744
34,2014,5,43.89677089438085
34,2014,6,45.18743191499241
34,2014,7,47.817303543161344
34,2014,8,44.45432522538502
34,2014,9,37.54349530858848
34,2014,10,30.662531884531166
34,2014,11,27.440311718827143
34,2014,12,23.115567883398654
35,2011,1,38.3890584779775
35,2011,2,42.53428985643844
35,2011,3,48.99881517289069
35,2011,4,52.53187482508094
35,2011,5,54.928123142473545
35,2011,6,53.95126632193843
35,2011,7,54.881860026007566
35,2011,8,56.65026953666543
35,2011,9,49.705338999151934
35,2011,10,40.94594772784082
35,2011,11,36.60344220859197
35,2011,12,31.546698756267116
35,2012,1,33.508643466565246
35,2012,2,41.38831168017102
35,2012,3,46.64926501285305
35,2012,4,54.12693928193609
35,2012,5,58.38855457798606
35,2012,6,52.34986216730451
35,2012,7,53.88668434802885
35,2012,8,56.68041095376347
35,2012,9,49.19637871416336
35,2012,10,42.37995884627063
35,2012,11,38.46327740946669
35,2012,12,36.641511694079696
35,2013,1,35.74911863734581
35,2013,2,43.46615134217885
35,2013,3,47.488655991377506
35,2013,4,51.35609474702754
35,2013,5,56.01056961044325
35,2013,6,52.61317396951303
35,2013,7,55.57557981799228
35,2013,8,51.06970918543849
35,2013,9,45.80151020598756
35,2013,10,41.955098625012134
35,2013,11,36.19835525120388
35,2013,12,35.1655619175583
35,2014,1,36.83262582500684
35,2014,2,39.035814046328355
35,2014,3,45.97771443671871
35,2014,4,52.17696994713006
35,2014,5,53.99619669529789
35,2014,6,50.90311381293579
35,2014,7,51.352798540631355
35,2014,8,50.04586473438966
35,2014,9,40.481878229047204
35,2014,10,42.87537978494717
35,2014,11,37.19173930265459
35,2014,12,32.01839934738515
36,2011,1,25.030858535442075
36,2011,2,33.721297496101386
36,2011,3,39.05959749394522
36,2011,4,39.84289577618162
36,2011,5,40.07401137331751
36,2011,6,47.415007365562666
36,2011,7,53.2328640982768
36,2011,8,42.900889117297616
36,2011,9,34.17929917832698
36,2011,10,28.429272477159394
36,2011,11,26.437772821965368
36,2011,12,22.46344678194924
36,2012,1,25.91911613950279
36,2012,2,30.951973072381445
36,2012,3,38.00020028007679
36,2012,4,43.62302518391396
36,2012,5,43.020124115585304
36,2012,6,45.72134038958252
36,2012,7,47.87223646259178
36,2012,8,48.19493653592868
36,2012,9,35.970177786666206
36,2012,10,28.25996267713427
36,2012,11,25.568285866240554
36,2012,12,25.171202531783525
36,2013,1,28.13456898325845
36,2013,2,32.48624784071299
36,2013,3,38.941098160712734
36,2013,4,44.38542057649697
36,2013,5,43.20430672703391
36,2013,6,44.67002937410815
36,2013,7,42.273525491210485
36,2013,8,42.69098385583274
36,2013,9,36.09288757955357
36,2013,10,30.813291996026557
36,2013,11,28.925913885660627
36,2013,12,23.85987672163239
36,2014,1,26.799792067064246
36,2014,2,33.656097366590934
36,2014,3,38.445008013773915
36,2014,4,43.31624872288108
36,2014,5,41.949081638926934
36,2014,6,40.810442183166565
36,2014,7,43.18174092906082
36,2014,8,39.4183653983369
36,2014,9,34.958975431931144
36,2014,10,28.464353918519834
36,2014,11,27.69845982202244
36,2014,12,24.21449267803073
37,2011,1,31.749734395646353
37,2011,2,39.61616125330886
37,2011,3,44.2461007314254
37,2011,4,48.396342067607634
37,2011,5,48.56465144203588
37,2011,6,58.52546333332795
37,2011,7,52.38989148586632
37,2011,8,52.39627054158937
37,2011,9,41.19770991955698
37,2011,10,38.97636563203489
37,2011,11,35.045987700403906
37,2011,12,29.784645999757082
37,2012,1,31.51327518890933
37,2012,2,36.168674020466284
37,2012,3,43.72424756805674
37,2012,4,48.2598475347938
37,2012,5,46.102426818422
37,2012,6,51.26959603490782
37,2012,7,48.62922734714704
37,2012,8,42.73059564126111
37,2012,9,39.495644388738725
37,2012,10,36.046655246309065
37,2012,11,35.16158650721126
37,2012,12,31.46144993353371
37,2013,1,31.608888323438467
37,2013,2,38.70835750642564
37,2013,3,44.96301493023465
37,2013,4,48.02906018393373
37,2013,5,45.74102460211074
37,2013,6,39.641210949985
37,2013,7,33.44705981885181
37,2013,8,36.65019033831469
37,2013,9,42.77384104476829
37,2013,10,34.18808467119138
37,2013,11,31.704036079621464
37,2013,12,31.078475429810002
37,2014,1,34.14246343728238
37,2014,2,37.98433162452253
37,2014,3,42.70905005815983
37,2014,4,49.911709138497216
37,2014,5,50.30078707427221
37,2014,6,46.76409865661804
37,2014,7,43.01670805399667
37,2014,8,40.816851472639236
37,2014,9,32.87036471710692
37,2014,10,38.32011143285876
37,2014,11,33.717663738384196
37,2014,12,26.434338166986677
38,2011,1,32.677459640912666
38,2011,2,38.794356546204334
38,2011,3,42.92758117923697
38,2011,4,45.3356004297561
38,2011,5,43.56809979779701
38,2011,6,39.89427392083344
38,2011,7,35.69757499133698
38,2011,8,36.02433229000787
38,2011,9,34.692884630910385
38,2011,10,33.727697744897675
38,2011,11,27.58023059203252
38,2011,12,26.599515446675415
38,2012,1,26.919263896151392
38,2012,2,30.6521657656659
38,2012,3,39.09120525646222
38,2012,4,43.584584495289484
38,2012,5,45.16514092358717
38,2012,6,45.11082638002441
38,2012,7,44.43912977408558
38,2012,8,39.566867112152124
38,2012,9,37.146496254059656
38,2012,10,26.60413908944693
38,2012,11,24.186494948143135
38,2012,12,23.63548908034063
38,2013,1,30.96081523243497
38,2013,2,35.13188676426137
38,2013,3,43.8421485929054
38,2013,4,46.0524168041072
38,2013,5,43.96791254243971
38,2013,6,42.08817960386302
38,2013,7,39.684520858512045
38,2013,8,39.699096942205585
38,2013,9,33.68491071297388
38,2013,10,28.210229351334597
38,2013,11,24.572215773956312
38,2013,12,27.13413840721679
38,2014,1,31.4415483143686
38,2014,2,33.45399467940075
38,2014,3,37.74700714704029
38,2014,4,43.95839111466837
38,2014,5,45.211224689890905
38,2014,6,38.91058238841547
38,2014,7,36.41101398190572
38,2014,8,34.18108894074037
38,2014,9,32.72651772034675
38,2014,10,29.405811514003254
38,2014,11,27.325135286375957
38,2014,12,21.018614754556285
39,2011,1,28.217143344059203
39,2011,2,35.80264306145095
39,2011,3,37.96199982605929
39,2011,4,43.20666876136936
39,2011,5,44.13786287257391
39,2011,6,50.592989991513555
39,2011,7,56.7175583638316
39,2011,8,48.04416843889425
39,2011,9,35.60503613260401
39,2011,10,32.39310076062163
39,2011,11,29.266727220131457
39,2011,12,22.369317837893817
39,2012,1,25.221541831819653
39,2012,2,29.929187622523774
39,2012,3,40.63941770209652
39,2012,4,46.04163218103703
39,2012,5,54.899029335257225
39,2012,6,58.14417263910008
39,2012,7,57.28852488446471
39,2012,8,54.15966535047886
39,2012,9,39.51801170639451
39,2012,10,32.87547547547367
39,2012,11,27.791046481800116
39,2012,12,24.99064590258217
39,2013,1,28.77994036006104
39,2013,2,33.76627299412005
39,2013,3,38.80007727671932
39,2013,4,45.81425754223968
39,2013,5,46.14769080249192
39,2013,6,49.5786611403343
39,2013,7,41.59402338608258
39,2013,8,44.35490093896467
39,2013,9,40.28362378812086
39,2013,10,28.43513704959378
39,2013,11,25.804809323277173
39,2013,12,25.479503537860342
39,2014,1,28.783742576445583
39,2014,2,35.09953095586384
39,2014,3,38.41952677970746
39,2014,4,46.665754579848354
39,2014,5,45.47371291928248
39,2014,6,46.993820117473305
39,2014,7,43.43783645560324
39,2014,8,45.44391898124278
39,2014,9,39.56649490102222
39,2014,10,29.698234116803587
39,2014,11,29.28738843331528
39,2014,12,21.869353972001928
40,2011,1,32.515373543997015
40,2011,2,38.63253606068786
40,2011,3,43.595429099441596
40,2011,4,51.18342052953319
40,2011,5,49.507372634484796
40,2011,6,56.4262135290755
40,2011,7,59.859758407875354
40,2011,8,64.73222188737093
40,2011,9,52.058303921210005
40,2011,10,49.301512204025435
40,2011,11,33.895096736926604
40,2011,12,27.71831664879584
40,2012,1,30.24170561869552
40,2012,2,33.79085931465012
40,2012,3,42.5793250491201
40,2012,4,46.04633940128806
40,2012,5,52.87947490358568
40,2012,6,54.810976409745884
40,2012,7,55.63087401094879
40,2012,8,61.26841489234716
40,2012,9,50.70217476184697
40,2012,10,39.37995532240039
40,2012,11,40.671565784838286
40,2012,12,31.20718055098708
40,2013,1,32.14672917967048
40,2013,2,38.77711334056598
40,2013,3,46.107451448999655
40,2013,4,47.12628453535048
40,2013,5,44.674836086318265
40,2013,6,46.05739016935206
40,2013,7,50.72548019470222
40,2013,8,48.878465726919316
40,2013,9,52.93184737791014
40,2013,10,36.32112290745656
40,2013,11,32.23449190764244
40,2013,12,28.104425507668342
40,2014,1,34.532678876867756
40,2014,2,35.743584173950175
40,2014,3,41.92505976959662
40,2014,4,48.96597932736562
40,2014,5,47.543879401506985
40,2014,6,40.68294772848179
40,2014,7,44.199624587690636
40,2014,8,49.11263342481781
40,2014,9,41.01315749124955
40,2014,10,41.33077612909757
40,2014,11,34.08503915030737
40,2014,12,21.19447976487295
41,2011,1,24.574978858201433
41,2011,2,32.0884597001142
41,2011,3,37.778650151557045
41,2011,4,41.93661512554103
41,2011,5,39.79933649667845
41,2011,6,33.95416014902687
41,2011,7,30.44770489744697
41,2011,8,34.60717724293989
41,2011,9,36.89232894930872
41,2011,10,25.794448465838986
41,2011,11,27.089926004159544
41,2011,12,19.105793167918204
41,2012,1,26.173848628267518
41,2012,2,31.720157772678377
41,2012,3,38.44352770557254
41,2012,4,39.641362641155325
41,2012,5,43.72045967912525
41,2012,6,33.90051079426485
41,2012,7,37.95999762590865
41,2012,8,43.54330971842987
41,2012,9,42.5021807451808
41,2012,10,30.170177029574436
41,2012,11,27.151255905894217
41,2012,12,28.865754922368527
41,2013,1,26.306437724322603
41,2013,2,32.94475382733513
41,2013,3,38.59032631708007
41,2013,4,40.893588901445156
41,2013,5,40.07250070552292
41,2013,6,34.171934467382584
41,2013,7,41.15541164232243
41,2013,8,35.76182438278792
41,2013,9,33.21170608784234
41,2013,10,28.42504497426571
41,2013,11,27.004451290745404
41,2013,12,22.4342287855261
41,2014,1,26.37530957280802
41,2014,2,33.48081192777972
41,2014,3,38.75813752053739
41,2014,4,42.265599924231154
41,2014,5,39.75361479377201
41,2014,6,33.94094656339416
41,2014,7,39.86531036908071
41,2014,8,39.60514658125677
41,2014,9,37.327874542225
41,2014,10,30.69012496798091
41,2014,11,26.59938636372997
41,2014,12,25.975852646553232
42,2011,1,27.86551667000244
42,2011,2,36.932835342392984
42,2011,3,39.50385903084711
42,2011,4,42.064604315277315
42,2011,5,45.55377090301475
42,2011,6,51.979908245660894
42,2011,7,56.63388791558438
42,2011,8,45.967118807886855
42,2011,9,34.290474022658124
42,2011,10,28.13228440105078
42,2011,11,28.67431830399331
42,2011,12,22.1059104942348
42,2012,1,26.114907900731243
42,2012,2,31.467651180708888
42,2012,3,40.079356005482836
42,2012,4,47.10686169060977
42,2012,5,47.94518862151018
42,2012,6,51.81683859327307
42,2012,7,53.031920712958616
42,2012,8,51.81908050628338
42,2012,9,39.09830543896271
42,2012,10,29.342646523837125
42,2012,11,27.12138718414087
42,2012,12,25.090227516455155
42,2013,1,28.178418766942343
42,2013,2,32.73680402271759
42,2013,3,40.78993079300903
42,2013,4,48.289444169741294
42,2013,5,47.69388019515301
42,2013,6,47.65984866405654
42,2013,7,41.675032224985166
42,2013,8,44.17315116806667
42,2013,9,39.68205650390589
42,2013,10,32.52696437417184
42,2013,11,29.34448418269783
42,2013,12,25.468447512631414
42,2014,1,28.91642074669971
42,2014,2,36.85504745086371
42,2014,3,40.40363222638554
42,2014,4,46.37257790463921
42,2014,5,44.89206779365219
42,2014,6,44.16132816616074
42,2014,7,45.63967033191894
42,2014,8,42.598430586273864
42,2014,9,37.5660467080453
42,2014,10,32.08086644756053
42,2014,11,29.63552856470937
42,2014,12,24.943444461129527
44,2011,1,30.791314094498727
44,2011,2,36.491793232275676
44,2011,3,40.312003231698284
44,2011,4,45.55820797229999
44,2011,5,38.687242500864976
44,2011,6,47.606278006579885
44,2011,7,52.4711747772245
44,2011,8,44.602116033730425
44,2011,9,35.65657390828056
44,2011,10,32.6005723850277
44,2011,11,31.750010078699862
44,2011,12,26.72437268938389
44,2012,1,27.346901651448512
44,2012,2,33.8882505817151
44,2012,3,41.86251274555261
44,2012,4,50.72015746048506
44,2012,5,43.44009033852064
44,2012,6,47.01840907974002
44,2012,7,47.846352249984385
44,2012,8,49.99126437749567
44,2012,9,36.79403899403838
44,2012,10,32.20068175390092
44,2012,11,28.212000294569055
44,2012,12,29.856181784958906
44,2013,1,33.46998913866068
44,2013,2,37.451975301720395
44,2013,3,43.36268847671774
44,2013,4,49.01948943734362
44,2013,5,45.11578014043936
44,2013,6,46.70122392798001
44,2013,7,44.553681144672
44,2013,8,44.10315256577449
44,2013,9,38.645486045741876
44,2013,10,33.902039902312005
44,2013,11,32.07223106594642
44,2013,12,28.66492542742855
44,2014,1,31.082767026477324
44,2014,2,37.08012494764996
44,2014,3,42.3466237639596
44,2014,4,46.21550574070886
44,2014,5,43.3178939281357
44,2014,6,40.21426084075686
44,2014,7,44.44436418691318
44,2014,8,41.38276116644458
44,2014,9,37.31225441153734
44,2014,10,30.92620397388755
44,2014,11,30.447326239080525
44,2014,12,25.850764746573123
45,2011,1,32.95233160004354
45,2011,2,40.52826589041063
45,2011,3,45.23491230089873
45,2011,4,46.696326643191114
45,2011,5,47.376238670874116
45,2011,6,53.58378958892923
45,2011,7,46.79321272781279
45,2011,8,50.36407290850352
45,2011,9,40.46004701644404
45,2011,10,39.59485969281871
45,2011,11,33.48866391328631
45,2011,12,30.68702352391728
45,2012,1,32.3676695497442
45,2012,2,36.752018707936934
45,2012,3,43.086165218900476
45,2012,4,46.49008154789502
45,2012,5,44.22733129330615
45,2012,6,45.85237414703405
45,2012,7,41.54569036687815
45,2012,8,37.73869974668637
45,2012,9,36.95667978282482
45,2012,10,36.55447971485806
45,2012,11,36.651142610906426
45,2012,12,31.557129411987454
45,2013,1,33.581572970641076
45,2013,2,39.055036165577704
45,2013,3,45.38473721323435
45,2013,4,43.82725809040484
45,2013,5,42.148547910500106
45,2013,6,34.916908066537154
45,2013,7,28.874291167401637
45,2013,8,32.379408013055475
45,2013,9,40.67151355146559
45,2013,10,33.62786226398336
45,2013,11,31.14813829300958
45,2013,12,30.63976143531277
45,2014,1,33.830424111405215
45,2014,2,37.741236468043944
45,2014,3,42.060783899881145
45,2014,4,46.79274694926497
45,2014,5,46.13871684392047
45,2014,6,41.53495526635876
45,2014,7,39.028603985022926
45,2014,8,38.53427328264809
45,2014,9,29.339370422744388
45,2014,10,36.36465756869254
45,2014,11,31.55458258302286
45,2014,12,25.371525288873396
46,2011,1,35.08793724696881
46,2011,2,39.8412402778314
46,2011,3,41.02828029013616
46,2011,4,43.98569568266312
46,2011,5,44.61096788433595
46,2011,6,45.1370402618774
46,2011,7,44.36151406035259
46,2011,8,40.30099212321999
46,2011,9,36.18664846548968
46,2011,10,37.2995123197314
46,2011,11,29.975774845795794
46,2011,12,27.515362819037975
46,2012,1,27.906888310239946
46,2012,2,31.83348853281929
46,2012,3,41.0796752679356
46,2012,4,44.80630363900897
46,2012,5,48.51889583827252
46,2012,6,51.755907637956234
46,2012,7,53.68099078792863
46,2012,8,48.95271450132138
46,2012,9,44.453517837031704
46,2012,10,31.170837144226148
46,2012,11,26.18711941520134
46,2012,12,28.15566963580056
46,2013,1,31.970879591816423
46,2013,2,37.53227349989686
46,2013,3,43.927634568951575
46,2013,4,46.48920239766704
46,2013,5,44.19320644097198
46,2013,6,45.159915857355074
46,2013,7,47.80179293735224
46,2013,8,42.921169577415085
46,2013,9,41.72167826014039
46,2013,10,30.825326378435623
46,2013,11,28.2197418514502
46,2013,12,29.00829184249184
46,2014,1,33.66225645873959
46,2014,2,36.746519113660874
46,2014,3,40.21934225401329
46,2014,4,46.168582047449604
46,2014,5,46.725033161304275
46,2014,6,43.60859595374438
46,2014,7,39.28395068699372
46,2014,8,37.726580367329866
46,2014,9,34.325864186833115
46,2014,10,33.90884874301645
46,2014,11,29.85097716324973
46,2014,12,22.517876571365687
47,2011,1,33.00820432838739
47,2011,2,40.580801084576514
47,2011,3,41.96121600934058
47,2011,4,47.164641175810615
47,2011,5,46.4070697148899
47,2011,6,53.929839809460596
47,2011,7,50.9502906594564
47,2011,8,56.64275382214138
47,2011,9,42.544815886900736
47,2011,10,41.06287882378392
47,2011,11,33.693406622701865
47,2011,12,26.86984190290818
47,2012,1,30.158598960906684
47,2012,2,34.995471811029795
47,2012,3,44.225070267119285
47,2012,4,48.20474104748864
47,2012,5,52.988878715559885
47,2012,6,57.589699287111976
47,2012,7,49.066723307701025
47,2012,8,51.827729037761756
47,2012,9,43.41237260691858
47,2012,10,37.173871985076254
47,2012,11,35.68987313706834
47,2012,12,31.38206700753954
47,2013,1,30.00185642359663
47,2013,2,39.098337924527
47,2013,3,42.96650230801879
47,2013,4,47.13144411252179
47,2013,5,44.0256258638121
47,2013,6,45.906456615880224
47,2013,7,39.818870828181666
47,2013,8,40.20489522134722
47,2013,9,43.32040369368756
47,2013,10,34.19529165842061
47,2013,11,31.62626246524074
47,2013,12,28.925021400435075
47,2014,1,33.71405525252084
47,2014,2,35.92939690982585
47,2014,3,42.38386401216051
47,2014,4,49.58699293287921
47,2014,5,46.5575867707171
47,2014,6,39.17003252180007
47,2014,7,43.87053078826614
47,2014,8,45.22798018771255
47,2014,9,36.8465975283255
47,2014,10,34.5379134534661
47,2014,11,33.131151082214195
47,2014,12,23.31357297779915
48,2011,1,31.09490132802757
48,2011,2,36.76438038937745
48,2011,3,43.57543748411422
48,2011,4,47.04699284005534
48,2011,5,46.681836776788415
48,2011,6,45.07519913233416
48,2011,7,41.16534782702425
48,2011,8,50.86280545278824
48,2011,9,56.49182269959732
48,2011,10,47.25713689696645
48,2011,11,35.249305048371816
48,2011,12,27.762823590014747
48,2012,1,31.850818538251183
48,2012,2,33.93419762362518
48,2012,3,41.73027658094159
48,2012,4,48.90785826462738
48,2012,5,51.5820926577892
48,2012,6,49.78077441250664
48,2012,7,43.907643524662504
48,2012,8,50.73335107416479
48,2012,9,46.49575995332229
48,2012,10,39.85861151150602
48,2012,11,39.42282736959879
48,2012,12,33.220372456828606
48,2013,1,33.01142709115401
48,2013,2,40.31949472693583
48,2013,3,46.666189615877286
48,2013,4,46.03588788619205
48,2013,5,46.5828460499662
48,2013,6,43.81326959636652
48,2013,7,45.17187050728556
48,2013,8,46.31417472636586
48,2013,9,45.54146434550105
48,2013,10,37.63581682897231
48,2013,11,32.61259488651695
48,2013,12,29.234408370392217
48,2014,1,34.55631002651202
48,2014,2,34.08039627201583
48,2014,3,41.60663645450576
48,2014,4,47.04362396306806
48,2014,5,48.91052930310541
48,2014,6,37.925701253932026
48,2014,7,41.31200604356092
48,2014,8,44.43853722571102
48,2014,9,38.13482199871121
48,2014,10,42.38352388548876
48,2014,11,34.250829635567385
48,2014,12,25.579958158045
49,2011,1,27.132427018019108
49,2011,2,40.57082889770971
49,2011,3,45.540308196263055
49,2011,4,47.882431575170585
49,2011,5,50.010804227965515
49,2011,6,54.71776016897347
49,2011,7,53.58210491729415
49,2011,8,59.61609118105622
49,2011,9,50.505830108341826
49,2011,10,35.80255919198334
49,2011,11,30.95385850212319
49,2011,12,23.248486423606217
49,2012,1,30.03990617092849
49,2012,2,38.10742189021531
49,2012,3,46.82832012170184
49,2012,4,51.57279624565731
49,2012,5,59.07015004659505
49,2012,6,57.282440093654834
49,2012,7,57.29697900705979
49,2012,8,56.75748254139258
49,2012,9,49.62490649562352
49,2012,10,37.716628201770455
49,2012,11,32.592067212125315
49,2012,12,32.90153747698388
49,2013,1,32.65534579839754
49,2013,2,39.58902607655804
49,2013,3,45.726808679505126
49,2013,4,47.927116174144146
49,2013,5,54.99843867932941
49,2013,6,54.65014911724425
49,2013,7,57.485301766349
49,2013,8,51.56571847431646
49,2013,9,45.82154780509159
49,2013,10,39.09047695375142
49,2013,11,32.07719480603647
49,2013,12,28.88092785214655
49,2014,1,30.47790081712042
49,2014,2,36.188502404941936
49,2014,3,45.54916123760073
49,2014,4,50.21981650754734
49,2014,5,52.55624807902372
49,2014,6,53.76116999265626
49,2014,7,53.53062818847639
49,2014,8,51.268768300294134
49,2014,9,45.0080043971053
49,2014,10,40.936381629064876
49,2014,11,33.347145439892905
49,2014,12,28.877982511172632
50,2011,1,34.45413499596774
50,2011,2,40.55803857588349
50,2011,3,44.533789998737745
50,2011,4,45.942561545652175
50,2011,5,38.84414113299604
50,2011,6,38.08151451800433
50,2011,7,38.72040615234923
50,2011,8,34.45454104435483
50,2011,9,32.35583276648568
50,2011,10,29.89365695010908
50,2011,11,32.09830540688406
50,2011,12,28.83930451963798
50,2012,1,29.686199541163777
50,2012,2,36.041528844490394
50,2012,3,42.104687115562236
50,2012,4,46.5340756783868
50,2012,5,43.397042425253694
50,2012,6,41.106267523645876
50,2012,7,39.675251188850226
50,2012,8,42.42386551897781
50,2012,9,33.204452763432435
50,2012,10,30.33985092130224
50,2012,11,30.354457923628626
50,2012,12,30.29651731194772
50,2013,1,33.60288741592006
50,2013,2,38.407590243762286
50,2013,3,43.17047275887705
50,2013,4,48.27628316627203
50,2013,5,43.054338248243134
50,2013,6,40.36927407689922
50,2013,7,35.076840778261825
50,2013,8,37.48017351560513
50,2013,9,33.39540666332603
50,2013,10,32.3658970040344
50,2013,11,32.41524772918166
50,2013,12,29.73037007579917
50,2014,1,33.28729607698861
50,2014,2,39.81874579907832
50,2014,3,43.48661949771731
50,2014,4,47.57249167767909
50,2014,5,41.729459041681295
50,2014,6,37.50698721690903
50,2014,7,36.769792788225686
50,2014,8,32.23578707255464
50,2014,9,31.81884888231793
50,2014,10,29.32321590705521
50,2014,11,32.6048578221791
50,2014,12,29.979812433072155
51,2011,1,31.31347658169338
51,2011,2,38.682485254147466
51,2011,3,43.192863426579805
51,2011,4,45.826644578272514
51,2011,5,46.94233042134199
51,2011,6,55.957801085026595
51,2011,7,55.78775900096025
51,2011,8,50.11201126538603
51,2011,9,35.593102809146146
51,2011,10,34.355644388847104
51,2011,11,33.91679608279459
51,2011,12,27.85353358849401
51,2012,1,28.66363688479271
51,2012,2,34.380709694185946
51,2012,3,42.86713019101584
51,2012,4,47.614156910926674
51,2012,5,47.07122453059531
51,2012,6,52.42192175111197
51,2012,7,53.9663965378
51,2012,8,50.11576060001629
51,2012,9,41.166658783969986
51,2012,10,33.497623401894515
51,2012,11,31.32320966595064
51,2012,12,26.955517189158588
51,2013,1,28.986613503548565
51,2013,2,34.937517276301875
51,2013,3,43.30072496880533
51,2013,4,49.6583158862351
51,2013,5,45.5985259543651
51,2013,6,43.1981878207822
51,2013,7,37.84752907874046
51,2013,8,40.69740291815036
51,2013,9,42.023552205910185
51,2013,10,33.11889331597631
51,2013,11,31.011314280467964
51,2013,12,28.43481710125787
51,2014,1,30.843841842835413
51,2014,2,36.18094356446184
51,2014,3,40.70723224757439
51,2014,4,48.773002065084576
51,2014,5,47.56942544309191
51,2014,6,46.81365392980623
51,2014,7,44.48677408289529
51,2014,8,43.72140628287124
51,2014,9,36.38533192452815
51,2014,10,33.89024515938902
51,2014,11,31.858034688241197
51,2014,12,24.43000742727506
53,2011,1,24.409838874883363
53,2011,2,30.99993123954415
53,2011,3,36.43117304735798
53,2011,4,39.910701006494335
53,2011,5,39.164041951423236
53,2011,6,32.93900594781838
53,2011,7,27.863894717204186
53,2011,8,32.64222961010216
53,2011,9,31.273758943260724
53,2011,10,24.10808967169249
53,2011,11,26.482637938974076
53,2011,12,17.746104042755743
53,2012,1,25.225371190756533
53,2012,2,28.51858833665845
53,2012,3,36.31847187276385
53,2012,4,39.14804350394365
53,2012,5,41.01947118151251
53,2012,6,30.305764165487627
53,2012,7,32.62030166334582
53,2012,8,37.68933737337774
53,2012,9,33.373418196457465
53,2012,10,27.47592364787698
53,2012,11,24.879723969419633
53,2012,12,27.136600663114358
53,2013,1,22.759224515501412
53,2013,2,29.04024872341243
53,2013,3,35.363144717567145
53,2013,4,38.928632058450404
53,2013,5,37.43678793307379
53,2013,6,31.52580297919965
53,2013,7,33.96141365475482
53,2013,8,31.50752819281407
53,2013,9,27.667557023588255
53,2013,10,21.873094138238176
53,2013,11,22.443951213492532
53,2013,12,21.696194458366843
53,2014,1,22.06473804638544
53,2014,2,31.948594073811382
53,2014,3,36.67548337581843
53,2014,4,40.71186301410477
53,2014,5,38.34940495772086
53,2014,6,30.52117576857799
53,2014,7,34.82467718188738
53,2014,8,34.23817537259209
53,2014,9,31.429902631600356
53,2014,10,27.49594656388536
53,2014,11,27.272206111639917
53,2014,12,24.641379373199307
54,2011,1,32.68586392825206
54,2011,2,41.018914472038844
54,2011,3,42.153346061686854
54,2011,4,46.2416741349036
54,2011,5,43.411592617309736
54,2011,6,49.5732301662676
54,2011,7,51.75063104149946
54,2011,8,49.406285468369326
54,2011,9,37.545606750878015
54,2011,10,33.35522875559602
54,2011,11,33.21057702822672
54,2011,12,27.04901650662241
54,2012,1,29.121507129597365
54,2012,2,34.655094137180456
54,2012,3,44.2981873135128
54,2012,4,47.89641520714128
54,2012,5,50.838250809096266
54,2012,6,54.79302584566506
54,2012,7,53.14130600994066
54,2012,8,53.29136822855651
54,2012,9,41.42325704401773
54,2012,10,34.72217773756611
54,2012,11,32.41921178135033
54,2012,12,28.781722155119155
54,2013,1,31.317405535735574
54,2013,2,36.521618401184526
54,2013,3,42.52749358479384
54,2013,4,50.78342013743598
54,2013,5,46.81838960333916
54,2013,6,46.19481659276515
54,2013,7,39.27304622463197
54,2013,8,41.61739754008745
54,2013,9,39.26615690251122
54,2013,10,31.462165769450976
54,2013,11,31.805749180536562
54,2013,12,30.955794596240622
54,2014,1,33.288178456917365
54,2014,2,38.57735945922544
54,2014,3,41.73689807080176
54,2014,4,49.3027170545944
54,2014,5,47.37832281381731
54,2014,6,44.07305613645896
54,2014,7,43.57650033406795
54,2014,8,44.09212591775755
54,2014,9,37.03611366911543
54,2014,10,31.78416451168943
54,2014,11,32.56282406665202
54,2014,12,24.80443597219164
55,2011,1,32.15102987018578
55,2011,2,38.22451703384648
55,2011,3,40.85806199446725
55,2011,4,43.370239931886495
55,2011,5,42.15190252052204
55,2011,6,43.63298303396992
55,2011,7,46.22646179371093
55,2011,8,38.463535945552074
55,2011,9,33.917324828839554
55,2011,10,35.75004611432054
55,2011,11,27.66743585597492
55,2011,12,23.641922602690375
55,2012,1,26.661728065277334
55,2012,2,31.159322360195766
55,2012,3,39.61453838986413
55,2012,4,43.583960710288686
55,2012,5,49.57141464390052
55,2012,6,52.96860721184932
55,2012,7,49.896377686362335
55,2012,8,46.754056515782096
55,2012,9,39.136883340033144
55,2012,10,29.341747431545784
55,2012,11,26.15179290949137
55,2012,12,26.31398902661695
55,2013,1,29.842535076355386
55,2013,2,35.63025817103467
55,2013,3,44.05676527518793
55,2013,4,46.28437575041443
55,2013,5,44.920637256848956
55,2013,6,42.95209338039562
55,2013,7,42.796530114496306
55,2013,8,41.0140476123658
55,2013,9,38.12106826913993
55,2013,10,28.378939309324767
55,2013,11,25.681697182168303
55,2013,12,27.42481550329928
55,2014,1,30.78142678326112
55,2014,2,36.69019027945182
55,2014,3,40.72592637797745
55,2014,4,45.18657692662623
55,2014,5,45.46958863605299
55,2014,6,44.91794557253426
55,2014,7,37.193920648050444
55,2014,8,38.685119070899006
55,2014,9,37.23669999395976
55,2014,10,27.3874464740965
55,2014,11,27.82704382799354
55,2014,12,23.560778448263733
56,2011,1,41.51097143890518
56,2011,2,45.56121757502311
56,2011,3,49.776226478250244
56,2011,4,50.40133492373738
56,2011,5,49.92758312239583
56,2011,6,52.85210244848485
56,2011,7,51.4912879127566
56,2011,8,53.759253487120446
56,2011,9,45.796961596749405
56,2011,10,39.843251792522
56,2011,11,38.13068448585859
56,2011,12,35.490545747572725
56,2012,1,36.195498734862454
56,2012,2,40.17477000641895
56,2012,3,47.79658042210867
56,2012,4,52.19147757413643
56,2012,5,54.45332852829357
56,2012,6,54.18823606237587
56,2012,7,56.70915936874091
56,2012,8,55.00220360290492
56,2012,9,47.009877629339144
56,2012,10,36.40229455772306
56,2012,11,36.35613757376413
56,2012,12,36.79582253543631
56,2013,1,39.36214002371564
56,2013,2,43.15632645699714
56,2013,3,46.78489938631521
56,2013,4,48.13852763333731
56,2013,5,52.70950770493921
56,2013,6,51.25945862255065
56,2013,7,53.41893629896846
56,2013,8,51.92386656643686
56,2013,9,45.181003321262125
56,2013,10,36.7006348955822
56,2013,11,35.84938357263468
56,2013,12,37.36758954409623
56,2014,1,38.83973968069079
56,2014,2,39.45861343486766
56,2014,3,45.02738723362738
56,2014,4,49.35861195005248
56,2014,5,48.99002454081683
56,2014,6,49.1189904262644
56,2014,7,49.41720699263753
56,2014,8,49.42842274713587
56,2014,9,42.84974265113271
56,2014,10,40.52061104211235
56,2014,11,37.07783262309742
56,2014,12,34.447436480872696
