statefips,year,month,ds_pm_pred
1,2011,1,9.975819516304927
1,2011,2,10.970783958212495
1,2011,3,10.80973308267488
1,2011,4,8.937864507152707
1,2011,5,11.590263790865995
1,2011,6,14.790409412387778
1,2011,7,12.250214375502006
1,2011,8,13.389863903940888
1,2011,9,10.401058311586436
1,2011,10,9.37522357720859
1,2011,11,7.302729868574341
1,2011,12,8.574510760997548
1,2012,1,8.524008412427154
1,2012,2,8.825725447060659
1,2012,3,9.617107749420343
1,2012,4,9.478354638908941
1,2012,5,12.031565046747811
1,2012,6,11.524554654905904
1,2012,7,11.605715210514674
1,2012,8,10.863021979411139
1,2012,9,10.016637902946032
1,2012,10,9.245349292431639
1,2012,11,12.621897774643392
1,2012,12,8.792409884550013
1,2013,1,10.231750877864593
1,2013,2,8.055826717763784
1,2013,3,9.775571992165691
1,2013,4,8.504836925091647
1,2013,5,8.942873057419597
1,2013,6,10.57302862638188
1,2013,7,9.17775699474636
1,2013,8,11.304786219719848
1,2013,9,12.68266071525477
1,2013,10,10.358153674542677
1,2013,11,9.016196244007407
1,2013,12,10.346829252901252
1,2014,1,9.155275062592917
1,2014,2,10.78231206839076
1,2014,3,11.900847162177147
1,2014,4,9.48023412631299
1,2014,5,10.522287202196983
1,2014,6,11.144661098181114
1,2014,7,12.738388656255808
1,2014,8,13.292077979784647
1,2014,9,9.51013070037091
1,2014,10,9.71872528870788
1,2014,11,10.719945189402912
1,2014,12,10.760003989279332
4,2011,1,9.305660462577812
4,2011,2,8.248048304773883
4,2011,3,7.4937264226771045
4,2011,4,6.974863045341681
4,2011,5,7.333485492046031
4,2011,6,8.313736537488309
4,2011,7,8.425717159911045
4,2011,8,7.613990795557102
4,2011,9,7.694298653177343
4,2011,10,6.81943050425012
4,2011,11,7.052589384005224
4,2011,12,9.52902377093119
4,2012,1,6.868904631189583
4,2012,2,5.790441681663003
4,2012,3,5.76528045439325
4,2012,4,5.7508104934217465
4,2012,5,7.349330345938505
4,2012,6,6.598202829834902
4,2012,7,6.449986295295059
4,2012,8,6.1181844296165275
4,2012,9,6.137078899877889
4,2012,10,5.5877072699041905
4,2012,11,6.791049211744517
4,2012,12,6.762530522435896
4,2013,1,7.5302810994487475
4,2013,2,5.1720749655843665
4,2013,3,5.6689465414605795
4,2013,4,5.045343815011905
4,2013,5,5.626515754732443
4,2013,6,6.156707320245076
4,2013,7,6.042847262265821
4,2013,8,5.360403304338603
4,2013,9,4.865039652572216
4,2013,10,4.901089233258568
4,2013,11,5.328806395913482
4,2013,12,7.191960333052497
4,2014,1,8.032545814094549
4,2014,2,6.4811340320257464
4,2014,3,5.928527888160477
4,2014,4,5.894877399266164
4,2014,5,6.736470365541322
4,2014,6,6.094250516198351
4,2014,7,5.7018091459558145
4,2014,8,4.450336931193125
4,2014,9,4.272130599912306
4,2014,10,5.356288352213415
4,2014,11,6.387499193298992
4,2014,12,8.140174812730761
5,2011,1,12.159671039777587
5,2011,2,9.698699083451217
5,2011,3,11.303273663766502
5,2011,4,9.320487420775162
5,2011,5,9.638208718703279
5,2011,6,14.380411765547247
5,2011,7,12.918156257775394
5,2011,8,12.039251255139542
5,2011,9,9.91761188834535
5,2011,10,9.407096841638912
5,2011,11,7.712157383015425
5,2011,12,8.968179075643478
5,2012,1,9.07356669015625
5,2012,2,8.890823149304449
5,2012,3,8.42527763945818
5,2012,4,8.331540895145727
5,2012,5,10.970267777453058
5,2012,6,11.053473718218688
5,2012,7,11.337516085844005
5,2012,8,10.20861248726313
5,2012,9,10.256778818742045
5,2012,10,9.088406517200868
5,2012,11,10.785770981762699
5,2012,12,9.453995482336788
5,2013,1,9.342300415838078
5,2013,2,8.393894997976538
5,2013,3,8.595893643345399
5,2013,4,8.233252731418773
5,2013,5,8.07286221369276
5,2013,6,11.106753002309254
5,2013,7,10.60698073047903
5,2013,8,12.435537945180169
5,2013,9,12.564079719972746
5,2013,10,7.702405645764151
5,2013,11,7.772270631473681
5,2013,12,10.934271838008895
5,2014,1,7.497163976293174
5,2014,2,10.219118197956385
5,2014,3,10.922735104216972
5,2014,4,8.915127593774153
5,2014,5,8.195086423478552
5,2014,6,11.070796013086953
5,2014,7,12.07022439763634
5,2014,8,12.370147626854903
5,2014,9,10.600744193633355
5,2014,10,8.186105101965143
5,2014,11,8.137940655256633
5,2014,12,10.064971234475546
6,2011,1,13.525742943125877
6,2011,2,8.360702112891016
6,2011,3,6.891745186641758
6,2011,4,7.502504866372413
6,2011,5,7.524104751446305
6,2011,6,8.750715674144942
6,2011,7,9.30447478097282
6,2011,8,9.227225645635086
6,2011,9,11.124552439596913
6,2011,10,11.339167922317184
6,2011,11,11.31634795731015
6,2011,12,17.88616033951117
6,2012,1,11.403477132707968
6,2012,2,7.227412022142151
6,2012,3,5.539408380436393
6,2012,4,6.2739159502127215
6,2012,5,8.711361841428383
6,2012,6,6.467386285624842
6,2012,7,8.048445422732549
6,2012,8,9.547786749671618
6,2012,9,9.097025867605534
6,2012,10,6.929955683863082
6,2012,11,9.19261918699657
6,2012,12,8.448396241440232
6,2013,1,12.078904225542082
6,2013,2,8.782736101195086
6,2013,3,7.577998433014205
6,2013,4,6.2095445124369
6,2013,5,7.500282686503758
6,2013,6,6.591799176967622
6,2013,7,8.829387773529724
6,2013,8,8.660201619355
6,2013,9,6.3490186185059745
6,2013,10,9.28188587325359
6,2013,11,10.523317091590265
6,2013,12,15.148238549464839
6,2014,1,14.804940701766867
6,2014,2,8.946941716925055
6,2014,3,7.387716261122627
6,2014,4,7.865542672432779
6,2014,5,8.073966205446157
6,2014,6,9.865591741615043
6,2014,7,8.368071680171202
6,2014,8,9.318312186482766
6,2014,9,9.709370106226737
6,2014,10,7.7499269772910075
6,2014,11,9.811950649384544
6,2014,12,8.20828617271551
8,2011,1,7.342313364390249
8,2011,2,5.902552900748154
8,2011,3,5.835818935920209
8,2011,4,5.211117854225619
8,2011,5,5.309197552674601
8,2011,6,8.470552208284527
8,2011,7,6.7183566680200775
8,2011,8,6.237883002449566
8,2011,9,6.223667855627666
8,2011,10,5.614226365714235
8,2011,11,6.278719047111197
8,2011,12,9.288698229706553
8,2012,1,4.848676281505041
8,2012,2,6.9171311440699945
8,2012,3,5.416121466258785
8,2012,4,5.041139897125347
8,2012,5,6.645000968920826
8,2012,6,7.634001363302368
8,2012,7,6.680220256206501
8,2012,8,7.934524494043175
8,2012,9,7.2524800719219025
8,2012,10,5.062607666218874
8,2012,11,6.752526847585862
8,2012,12,6.375417660293403
8,2013,1,6.959766027769707
8,2013,2,5.331220377880912
8,2013,3,5.855634384198801
8,2013,4,5.305439250480871
8,2013,5,4.781623582586256
8,2013,6,7.340633255546066
8,2013,7,6.297260636216508
8,2013,8,5.878412396805862
8,2013,9,4.340611617578355
8,2013,10,4.992339986738703
8,2013,11,6.004394948417835
8,2013,12,7.196816756184604
8,2014,1,5.308703313136878
8,2014,2,8.337103513634082
8,2014,3,5.151187701222976
8,2014,4,4.571480750253029
8,2014,5,5.041400431945615
8,2014,6,5.576055950085826
8,2014,7,7.1268190830223155
8,2014,8,5.1400018886966885
8,2014,9,5.166173522932981
8,2014,10,4.788015782721458
8,2014,11,5.60594986664258
8,2014,12,7.945681103948725
9,2011,1,14.119037412250755
9,2011,2,11.67995882278918
9,2011,3,6.230622591738932
9,2011,4,7.328871541970271
9,2011,5,7.313190229094594
9,2011,6,9.081938614576428
9,2011,7,12.358489652959843
9,2011,8,7.97733487999468
9,2011,9,8.11008172533711
9,2011,10,6.630493937026087
9,2011,11,10.043040179208164
9,2011,12,10.137943835308642
9,2012,1,8.022083586438562
9,2012,2,9.111493749453208
9,2012,3,7.8314105066448745
9,2012,4,5.966305765360411
9,2012,5,7.19528972301148
9,2012,6,8.029526888342339
9,2012,7,9.937433052090972
9,2012,8,9.653600732609132
9,2012,9,6.515704772529993
9,2012,10,6.4565464272416015
9,2012,11,10.061857825214007
9,2012,12,9.127250113883152
9,2013,1,11.057593598080274
9,2013,2,8.409011498400117
9,2013,3,5.137863348347394
9,2013,4,5.804353791546659
9,2013,5,7.532511713713349
9,2013,6,8.86886734399853
9,2013,7,10.82850686100778
9,2013,8,8.81010748120768
9,2013,9,6.131541499622898
9,2013,10,7.5567657909069
9,2013,11,6.992548956263931
9,2013,12,12.018644299335753
9,2014,1,13.318851084946981
9,2014,2,14.584191229980705
9,2014,3,8.970091828041088
9,2014,4,6.073308203158072
9,2014,5,6.671152278104005
9,2014,6,7.127827599425712
9,2014,7,8.287820839176407
9,2014,8,7.0944406803562154
9,2014,9,6.470272763803653
9,2014,10,5.892773513602549
9,2014,11,8.122568362649888
9,2014,12,6.33991243166224
10,2011,1,14.069295642783674
10,2011,2,9.651085411461795
10,2011,3,6.630130588010451
10,2011,4,8.084702923584818
10,2011,5,9.466339366541636
10,2011,6,12.842639860934813
10,2011,7,14.832204101280848
10,2011,8,8.967162343735934
10,2011,9,7.18885984280221
10,2011,10,7.066326362168484
10,2011,11,7.985598673355868
10,2011,12,9.161982880720181
10,2012,1,9.374899850919173
10,2012,2,11.780469418260944
10,2012,3,8.131116862317038
10,2012,4,7.080913347046124
10,2012,5,7.59745567507448
10,2012,6,10.467297191056758
10,2012,7,11.181113371482413
10,2012,8,9.903082103853952
10,2012,9,7.245958734426744
10,2012,10,7.114380399317016
10,2012,11,10.153663706712008
10,2012,12,9.809524474790667
10,2013,1,12.722772201650825
10,2013,2,9.992467945387654
10,2013,3,7.344804074837232
10,2013,4,7.543029876048222
10,2013,5,7.809841666248221
10,2013,6,8.36727740146234
10,2013,7,10.384915576368776
10,2013,8,9.202338653214461
10,2013,9,6.796773956561538
10,2013,10,8.523824260282069
10,2013,11,6.7766586113772185
10,2013,12,11.821389727455145
10,2014,1,11.429417971339952
10,2014,2,14.28584504454569
10,2014,3,10.45839862979544
10,2014,4,7.7171742784982476
10,2014,5,9.159752832651499
10,2014,6,8.253637194759627
10,2014,7,9.28937506435009
10,2014,8,8.306122127274685
10,2014,9,7.2736782380078635
10,2014,10,6.637208316357515
10,2014,11,9.74073265289062
10,2014,12,11.332019239041582
11,2011,1,13.032144823752027
11,2011,2,9.820162554981527
11,2011,3,6.836834370877636
11,2011,4,8.389280565735568
11,2011,5,10.959143212611353
11,2011,6,13.280274601759357
11,2011,7,16.14281274427825
11,2011,8,10.93991628649922
11,2011,9,8.114248198217524
11,2011,10,7.913578592539197
11,2011,11,9.433070831843574
11,2011,12,9.791065930757197
11,2012,1,8.911565568530705
11,2012,2,10.218520976076293
11,2012,3,8.793046669912721
11,2012,4,7.261575258810247
11,2012,5,8.480872434312936
11,2012,6,11.283780069608996
11,2012,7,12.314029655818056
11,2012,8,12.510783279976039
11,2012,9,8.528373475207403
11,2012,10,8.179268778995814
11,2012,11,12.072103947378139
11,2012,12,11.999609463517775
11,2013,1,12.141959344534325
11,2013,2,9.742835531663916
11,2013,3,7.1948111953952605
11,2013,4,7.901277351681521
11,2013,5,8.094622602877454
11,2013,6,9.169730778818987
11,2013,7,10.085283436484056
11,2013,8,10.218800545863031
11,2013,9,8.068702791835756
11,2013,10,9.392102171844126
11,2013,11,8.040041222633173
11,2013,12,11.854907881027039
11,2014,1,9.618515539070273
11,2014,2,12.7421276464635
11,2014,3,9.886250428677574
11,2014,4,7.924957224660925
11,2014,5,9.86083725801682
11,2014,6,10.536119745922637
11,2014,7,10.708969697471147
11,2014,8,10.170572122554026
11,2014,9,7.958761291867104
11,2014,10,7.112958719455718
11,2014,11,9.504736404117029
11,2014,12,10.998255575513399
12,2011,1,7.814381788952398
12,2011,2,8.950344767768946
12,2011,3,8.250697460880932
12,2011,4,8.063113659269694
12,2011,5,9.398555500902004
12,2011,6,9.505158999214014
12,2011,7,6.559093146041641
12,2011,8,7.324174037979438
12,2011,9,6.454417505028503
12,2011,10,6.049312593242067
12,2011,11,5.164439262680395
12,2011,12,5.922174403256167
12,2012,1,7.818403076070848
12,2012,2,7.128349673829608
12,2012,3,6.19227587038806
12,2012,4,7.611448654476171
12,2012,5,8.098464250469574
12,2012,6,6.969814351121856
12,2012,7,8.318249989693935
12,2012,8,6.7513051003915745
12,2012,9,5.692092404007168
12,2012,10,6.435679639546273
12,2012,11,9.090829455773621
12,2012,12,6.4834543478790705
12,2013,1,8.381731906014712
12,2013,2,6.737168236654794
12,2013,3,9.223257251159936
12,2013,4,6.659863360899849
12,2013,5,6.405931347760345
12,2013,6,6.747928291364012
12,2013,7,6.530796562040026
12,2013,8,6.568753008798935
12,2013,9,5.9469180540378375
12,2013,10,6.572181644321385
12,2013,11,5.201251106836959
12,2013,12,6.655849764915315
12,2014,1,7.824155900650103
12,2014,2,7.478303812029431
12,2014,3,7.578219053163985
12,2014,4,7.419283000159993
12,2014,5,8.409942916304596
12,2014,6,8.549915522862864
12,2014,7,8.489225451201063
12,2014,8,7.915915647009057
12,2014,9,5.832673545070392
12,2014,10,7.4997635706913215
12,2014,11,8.164669049244047
12,2014,12,9.038654135515966
13,2011,1,10.97770277473507
13,2011,2,11.942262370708828
13,2011,3,11.14355761348644
13,2011,4,10.589535035751672
13,2011,5,12.76500526385742
13,2011,6,15.749174462267051
13,2011,7,13.650554158005823
13,2011,8,13.489449634920579
13,2011,9,9.784148330509895
13,2011,10,8.485287332797004
13,2011,11,7.98584232593377
13,2011,12,9.189594657397715
13,2012,1,9.19265665050979
13,2012,2,10.128769773211948
13,2012,3,10.06228228631014
13,2012,4,10.236893102993864
13,2012,5,10.12009642127248
13,2012,6,9.917437857953955
13,2012,7,10.831777157182486
13,2012,8,9.315211797959064
13,2012,9,8.927711336334518
13,2012,10,8.480033046627817
13,2012,11,12.023858177216832
13,2012,12,8.882381503428217
13,2013,1,10.59764007147999
13,2013,2,8.096629579476755
13,2013,3,9.395967805416506
13,2013,4,8.432461775736106
13,2013,5,8.389454518409044
13,2013,6,9.738063727494255
13,2013,7,7.888609160315446
13,2013,8,9.96815755843906
13,2013,9,11.235035995567507
13,2013,10,10.323757631844774
13,2013,11,9.17853901764385
13,2013,12,9.608049182005582
13,2014,1,10.173732808518997
13,2014,2,10.330963461716795
13,2014,3,11.581677204347823
13,2014,4,10.335246350634556
13,2014,5,10.678765040137932
13,2014,6,10.305713201653415
13,2014,7,11.475575656718522
13,2014,8,11.57996570329592
13,2014,9,8.196350795317764
13,2014,10,9.967525613689038
13,2014,11,11.372081520354792
13,2014,12,11.028529283550009
16,2011,1,12.36712362646328
16,2011,2,7.151012867807885
16,2011,3,5.169164022840442
16,2011,4,5.576378169079336
16,2011,5,4.799957058872448
16,2011,6,6.100906255816555
16,2011,7,7.2037197786672476
16,2011,8,7.241648936904168
16,2011,9,7.976478774317441
16,2011,10,6.51048503761077
16,2011,11,7.626411353339791
16,2011,12,11.541912099221966
16,2012,1,6.841720899372486
16,2012,2,6.053086698553983
16,2012,3,4.672890213104495
16,2012,4,4.877153567399174
16,2012,5,6.696818813070818
16,2012,6,4.800359451173704
16,2012,7,7.230387962096509
16,2012,8,11.456197330004022
16,2012,9,12.670481957727327
16,2012,10,6.756474071247392
16,2012,11,7.10160946381103
16,2012,12,5.667111752588252
16,2013,1,14.455378585792074
16,2013,2,8.184413801507947
16,2013,3,6.014484402295418
16,2013,4,4.3409346616986255
16,2013,5,4.429974419837544
16,2013,6,4.887051133960655
16,2013,7,6.999787783137084
16,2013,8,8.135260793842113
16,2013,9,4.791472925935673
16,2013,10,6.998397301857652
16,2013,11,8.102275371053752
16,2013,12,11.695686911016729
16,2014,1,14.166298085977902
16,2014,2,7.8810226931143195
16,2014,3,6.426824689653987
16,2014,4,5.640963549250188
16,2014,5,5.619725251262738
16,2014,6,5.464088747277568
16,2014,7,9.361356666917645
16,2014,8,8.205844565650715
16,2014,9,6.998098434382795
16,2014,10,6.437710473127848
16,2014,11,8.84056412102944
16,2014,12,8.245331325251156
17,2011,1,15.58027206014359
17,2011,2,12.344967684919627
17,2011,3,11.27194400559243
17,2011,4,9.231802376177523
17,2011,5,9.853407622830463
17,2011,6,12.431143457621003
17,2011,7,15.707440365235101
17,2011,8,12.194141204370199
17,2011,9,9.22448460873594
17,2011,10,10.342304104302043
17,2011,11,8.856984557270053
17,2011,12,10.615698479076498
17,2012,1,10.417098635189
17,2012,2,10.67175168130529
17,2012,3,9.778524900998617
17,2012,4,9.159336244876938
17,2012,5,10.355038689678162
17,2012,6,10.143191018315857
17,2012,7,13.068019358702871
17,2012,8,10.699203203559183
17,2012,9,8.650168493704044
17,2012,10,7.967029501744141
17,2012,11,15.776371722355703
17,2012,12,11.78527867926323
17,2013,1,11.66826500210959
17,2013,2,10.630348508582905
17,2013,3,9.964506170213054
17,2013,4,8.393446631360682
17,2013,5,9.420062417166266
17,2013,6,10.442120752583387
17,2013,7,11.407290629897469
17,2013,8,11.953993250586542
17,2013,9,10.924872812387727
17,2013,10,8.197246996917535
17,2013,11,9.069812702043007
17,2013,12,13.000401885431092
17,2014,1,9.918343934529013
17,2014,2,15.639503144865373
17,2014,3,14.476292580613148
17,2014,4,9.671916919674606
17,2014,5,9.314240438225534
17,2014,6,10.875263289884613
17,2014,7,11.955291673969032
17,2014,8,14.585322725404133
17,2014,9,10.992999764872163
17,2014,10,8.093833659149006
17,2014,11,10.566269744410794
17,2014,12,13.510037276470625
18,2011,1,15.11463643665115
18,2011,2,12.206729129572064
18,2011,3,9.986451038925743
18,2011,4,8.419430897155102
18,2011,5,10.268766430021206
18,2011,6,11.943172338860563
18,2011,7,16.451451221626318
18,2011,8,12.22285308131248
18,2011,9,9.488101434679573
18,2011,10,9.16645768470743
18,2011,11,8.123843902460653
18,2011,12,10.700290273759443
18,2012,1,10.523214626052606
18,2012,2,11.013285659433304
18,2012,3,9.959695858815847
18,2012,4,8.933348895618856
18,2012,5,11.235290087996159
18,2012,6,10.385811914524554
18,2012,7,13.160550432632085
18,2012,8,10.635434319368871
18,2012,9,9.067055009485863
18,2012,10,7.887762201986423
18,2012,11,16.813857153137285
18,2012,12,12.210061433309981
18,2013,1,12.99237138843486
18,2013,2,11.256371792268487
18,2013,3,9.998668727776918
18,2013,4,8.810668733946386
18,2013,5,9.471583707680168
18,2013,6,11.078314132535958
18,2013,7,11.218173325558107
18,2013,8,12.409473445240177
18,2013,9,11.06447223798224
18,2013,10,9.314816126177883
18,2013,11,8.898074126550089
18,2013,12,13.56611308090108
18,2014,1,10.20104079997375
18,2014,2,16.68937792102239
18,2014,3,14.370951582484901
18,2014,4,10.08243632308315
18,2014,5,9.613394981644872
18,2014,6,11.525922530377732
18,2014,7,12.75289859878542
18,2014,8,14.342256084526152
18,2014,9,10.699965606371974
18,2014,10,8.234100679779205
18,2014,11,10.559791870230113
18,2014,12,13.443268967718753
19,2011,1,13.701297785685513
19,2011,2,11.043238725544812
19,2011,3,11.34553959222632
19,2011,4,7.56247835830227
19,2011,5,8.114474848171294
19,2011,6,9.269905452311066
19,2011,7,12.553249826786995
19,2011,8,8.94739639778478
19,2011,9,7.810651184222116
19,2011,10,7.981663237399491
19,2011,11,8.996843054393443
19,2011,12,9.448332918547719
19,2012,1,9.003102982384428
19,2012,2,10.249777148588024
19,2012,3,9.483961337338922
19,2012,4,8.581493858679776
19,2012,5,8.330200818576898
19,2012,6,9.149804156219647
19,2012,7,11.233511522686818
19,2012,8,8.936340577671015
19,2012,9,7.7128291428841695
19,2012,10,7.440781036565798
19,2012,11,12.485189357521646
19,2012,12,12.928427971681932
19,2013,1,9.474981067476866
19,2013,2,11.453974971950347
19,2013,3,10.52224823747322
19,2013,4,7.291413773081426
19,2013,5,7.3196013441200085
19,2013,6,8.639753620786696
19,2013,7,10.610640246219004
19,2013,8,10.957536197303964
19,2013,9,8.941269213715405
19,2013,10,6.039947326360837
19,2013,11,8.097558282532132
19,2013,12,12.445060291516162
19,2014,1,8.54641706668056
19,2014,2,11.527401114574154
19,2014,3,11.752636923081006
19,2014,4,9.212017057394233
19,2014,5,7.791738670536612
19,2014,6,7.5329129984815255
19,2014,7,9.076270290296133
19,2014,8,10.351464383397618
19,2014,9,7.704875552940322
19,2014,10,6.41809309645114
19,2014,11,8.124000958538474
19,2014,12,12.809908051579061
20,2011,1,11.92457781339935
20,2011,2,9.906419566015222
20,2011,3,11.316905599670168
20,2011,4,10.051960845118014
20,2011,5,7.843665192376012
20,2011,6,10.80540003424006
20,2011,7,10.776980791285247
20,2011,8,9.491834087752347
20,2011,9,7.703689211226589
20,2011,10,7.503842814952668
20,2011,11,8.037143246485522
20,2011,12,9.86459116623407
20,2012,1,8.191700152150592
20,2012,2,8.647015012925127
20,2012,3,8.733875057326166
20,2012,4,7.674556395505329
20,2012,5,8.83864211580735
20,2012,6,9.57809691458226
20,2012,7,10.063342797213489
20,2012,8,9.243678042466254
20,2012,9,7.861703383740156
20,2012,10,7.500130450587
20,2012,11,10.557281951438231
20,2012,12,11.23481298704242
20,2013,1,9.597105242505412
20,2013,2,9.32560227233907
20,2013,3,9.12927011732745
20,2013,4,6.881441071700095
20,2013,5,7.065628096450435
20,2013,6,8.859860774903838
20,2013,7,9.361883141125952
20,2013,8,10.722899949637739
20,2013,9,8.497798523619535
20,2013,10,5.889770704657439
20,2013,11,7.313446771346606
20,2013,12,11.784331618564966
20,2014,1,7.434529107840792
20,2014,2,10.054327092220277
20,2014,3,11.20152440618771
20,2014,4,9.773323899814601
20,2014,5,7.729214356719526
20,2014,6,8.123655335070698
20,2014,7,9.98435749630161
20,2014,8,10.038042199750002
20,2014,9,7.990874363876381
20,2014,10,7.172188102656697
20,2014,11,7.065375995179215
20,2014,12,9.81042038192146
21,2011,1,13.599996617868655
21,2011,2,10.535344494988397
21,2011,3,9.434486868749111
21,2011,4,8.400611301956035
21,2011,5,10.2771883674069
21,2011,6,12.335948223736372
21,2011,7,16.253932594334128
21,2011,8,12.930551759081212
21,2011,9,9.726119177700795
21,2011,10,7.873716486494478
21,2011,11,7.175094507879905
21,2011,12,9.425245817516734
21,2012,1,8.957733519160136
21,2012,2,9.386708957156952
21,2012,3,9.033502509856643
21,2012,4,8.493177672125777
21,2012,5,11.478016293803053
21,2012,6,11.012950921768653
21,2012,7,12.352148512053052
21,2012,8,11.52671150094719
21,2012,9,8.858912102274227
21,2012,10,7.708560843256058
21,2012,11,14.10665096548001
21,2012,12,10.119879581955546
21,2013,1,12.325099880038119
21,2013,2,9.469304622484527
21,2013,3,9.64525096154289
21,2013,4,8.240737175451795
21,2013,5,8.586604382117606
21,2013,6,11.014248600290642
21,2013,7,10.186343196512318
21,2013,8,12.13334241456226
21,2013,9,11.571978546313968
21,2013,10,9.334653039018308
21,2013,11,8.31757726798346
21,2013,12,11.02885565012706
21,2014,1,8.984775088969483
21,2014,2,13.522735335439737
21,2014,3,12.189639168932622
21,2014,4,9.391730143149008
21,2014,5,9.493033751265013
21,2014,6,11.26918525795799
21,2014,7,12.546291243604609
21,2014,8,14.145945358655963
21,2014,9,9.924618796315464
21,2014,10,8.527994409319435
21,2014,11,10.000934388945165
21,2014,12,11.826595413539684
22,2011,1,9.16892585938091
22,2011,2,8.887951153974738
22,2011,3,8.974600247420907
22,2011,4,9.06981828061293
22,2011,5,9.075090125482715
22,2011,6,12.221592421434968
22,2011,7,9.591231187002972
22,2011,8,11.916279296573867
22,2011,9,10.007142590306403
22,2011,10,9.400018626466368
22,2011,11,7.304219327747368
22,2011,12,8.469826517391017
22,2012,1,8.99151772009147
22,2012,2,7.745574316798677
22,2012,3,7.366816556049778
22,2012,4,8.785057977707398
22,2012,5,11.680103011885054
22,2012,6,10.654895008486161
22,2012,7,9.443300227616037
22,2012,8,8.947109372743338
22,2012,9,9.522387564954073
22,2012,10,9.036268766352585
22,2012,11,10.508768377542163
22,2012,12,8.003479109713075
22,2013,1,8.198882394322741
22,2013,2,7.394215383808712
22,2013,3,8.507874758129244
22,2013,4,7.432488313517754
22,2013,5,7.7241471288439385
22,2013,6,9.411364008679117
22,2013,7,9.419434723598053
22,2013,8,10.260919372597499
22,2013,9,10.469972694148693
22,2013,10,7.725737085379607
22,2013,11,7.60898710920368
22,2013,12,9.843576592139451
22,2014,1,8.618530008549591
22,2014,2,8.697944860945139
22,2014,3,8.61902357764415
22,2014,4,8.271023903030956
22,2014,5,7.80894202749409
22,2014,6,9.185941876256374
22,2014,7,11.500034671005121
22,2014,8,11.173390951396343
22,2014,9,8.44417799851255
22,2014,10,7.97354295837876
22,2014,11,8.04078729538713
22,2014,12,9.346255151038667
23,2011,1,9.977618029740514
23,2011,2,9.722017538375992
23,2011,3,6.153614590386143
23,2011,4,6.134463287316708
23,2011,5,5.566439713933718
23,2011,6,7.442319554760322
23,2011,7,9.03368673651226
23,2011,8,6.82157249906474
23,2011,9,6.894655656885799
23,2011,10,5.7477304572691965
23,2011,11,7.984744092526689
23,2011,12,8.809807125667211
23,2012,1,8.214910909299995
23,2012,2,8.986494342273899
23,2012,3,7.749559307150195
23,2012,4,5.972352351582234
23,2012,5,6.761283913498658
23,2012,6,5.959457253922095
23,2012,7,8.315913623150355
23,2012,8,7.746286997735531
23,2012,9,5.084525023229947
23,2012,10,5.5294831048004545
23,2012,11,7.6328695159663065
23,2012,12,7.406421347657601
23,2013,1,9.05454551390631
23,2013,2,7.068296609214856
23,2013,3,5.240427091667397
23,2013,4,5.613904661644056
23,2013,5,5.380620484724591
23,2013,6,6.854713068840734
23,2013,7,8.011911744736995
23,2013,8,7.428083050455799
23,2013,9,4.943981722888503
23,2013,10,5.527483375518375
23,2013,11,6.333313350672302
23,2013,12,9.245145085808572
23,2014,1,10.494603262424521
23,2014,2,10.010283444711146
23,2014,3,8.53860574530211
23,2014,4,5.524857573485402
23,2014,5,4.380491374071424
23,2014,6,5.729541132455228
23,2014,7,7.848447925247651
23,2014,8,6.2153045865899
23,2014,9,5.108971552299342
23,2014,10,4.750664266651684
23,2014,11,7.769683769574713
23,2014,12,6.183284515093488
24,2011,1,12.994776292510227
24,2011,2,9.74775262420849
24,2011,3,6.636638218078181
24,2011,4,8.015456580815565
24,2011,5,10.417759062159144
24,2011,6,13.194569539700879
24,2011,7,14.897302444469169
24,2011,8,10.386329995314854
24,2011,9,8.059454097299833
24,2011,10,7.393356795855071
24,2011,11,8.846883899687633
24,2011,12,9.598021004467475
24,2012,1,8.757592771333787
24,2012,2,10.047986332475778
24,2012,3,8.983001566975595
24,2012,4,7.175861178481637
24,2012,5,8.755519383596742
24,2012,6,10.668966925367974
24,2012,7,11.842627932429233
24,2012,8,11.42344108405788
24,2012,9,7.956811252001145
24,2012,10,7.285221829909285
24,2012,11,10.924072598318388
24,2012,12,11.045703028311175
24,2013,1,12.226910284618034
24,2013,2,9.648891307556253
24,2013,3,7.082330839997181
24,2013,4,7.673703335243698
24,2013,5,7.939297443231289
24,2013,6,8.780497494380665
24,2013,7,10.030521768266325
24,2013,8,9.9091750076664
24,2013,9,7.547872378071519
24,2013,10,8.562605802928097
24,2013,11,7.399267486312822
24,2013,12,11.51832722135554
24,2014,1,10.040379405698056
24,2014,2,12.834816019859614
24,2014,3,10.290751618073909
24,2014,4,8.031397938952923
24,2014,5,9.467659659237219
24,2014,6,9.424074118876318
24,2014,7,10.142195942514515
24,2014,8,9.548637223367335
24,2014,9,7.4815706120937735
24,2014,10,7.033720441255435
24,2014,11,9.628165613203432
24,2014,12,10.917713923256132
25,2011,1,13.257965498401127
25,2011,2,11.226772449224983
25,2011,3,6.684371087736316
25,2011,4,7.054420357497552
25,2011,5,7.25185263088008
25,2011,6,8.958188521586711
25,2011,7,12.302539666558474
25,2011,8,8.134285692374954
25,2011,9,8.767249664046023
25,2011,10,6.801910923030943
25,2011,11,9.557707347601854
25,2011,12,9.437496364526167
25,2012,1,7.829944857395195
25,2012,2,8.73383941195038
25,2012,3,7.724765708336634
25,2012,4,6.744279393142417
25,2012,5,7.541771811604132
25,2012,6,8.076532544386515
25,2012,7,10.424264858641578
25,2012,8,9.610239427670972
25,2012,9,6.178606944785204
25,2012,10,6.568858973965959
25,2012,11,8.132129588189931
25,2012,12,8.122871581290438
25,2013,1,9.484240245875059
25,2013,2,7.669743568053017
25,2013,3,5.507600422116437
25,2013,4,5.959537719252425
25,2013,5,6.956249898657876
25,2013,6,8.38813502481458
25,2013,7,10.599885377033186
25,2013,8,8.731624480732895
25,2013,9,6.391788774285768
25,2013,10,7.292285626844515
25,2013,11,6.370993565152508
25,2013,12,10.298310202245993
25,2014,1,9.030872123124638
25,2014,2,9.63520115436274
25,2014,3,7.570592611476734
25,2014,4,5.373043870370693
25,2014,5,5.6653677473271715
25,2014,6,5.994922136054571
25,2014,7,8.325765691289805
25,2014,8,7.01774766879753
25,2014,9,6.302721182983841
25,2014,10,5.6135176026153255
25,2014,11,7.321072777043176
25,2014,12,5.751656082588356
26,2011,1,12.549715749136238
26,2011,2,12.343828651965108
26,2011,3,8.397264336755537
26,2011,4,8.353655353864948
26,2011,5,8.470591515771646
26,2011,6,9.697111897520495
26,2011,7,12.28248345572055
26,2011,8,9.42708777306036
26,2011,9,8.950316234617432
26,2011,10,9.237176569123598
26,2011,11,7.922705987080923
26,2011,12,10.208180625307754
26,2012,1,9.554515425224691
26,2012,2,9.62617262452134
26,2012,3,8.506875230589019
26,2012,4,7.089771804750838
26,2012,5,9.133275138461537
26,2012,6,8.202742347672078
26,2012,7,10.76643797243443
26,2012,8,9.345131564505806
26,2012,9,7.059344350975679
26,2012,10,6.436090067653172
26,2012,11,13.764331087280587
26,2012,12,10.315872977915623
26,2013,1,10.7595273774293
26,2013,2,9.164950907451379
26,2013,3,7.04215033613578
26,2013,4,6.8067052895655555
26,2013,5,7.487087098396289
26,2013,6,8.360289665456628
26,2013,7,10.16123248682668
26,2013,8,9.89823232109524
26,2013,9,7.568691314790304
26,2013,10,6.640863311244563
26,2013,11,7.527924598466456
26,2013,12,11.116463079099248
26,2014,1,9.956916516596813
26,2014,2,13.644954834037762
26,2014,3,11.028523051598613
26,2014,4,7.920859621721858
26,2014,5,7.488186290084314
26,2014,6,8.60314217959854
26,2014,7,9.463144573658868
26,2014,8,10.714233335509006
26,2014,9,8.453792797854668
26,2014,10,7.213092184863033
26,2014,11,8.81022231132039
26,2014,12,10.583748686612395
27,2011,1,13.13815099954588
27,2011,2,10.548997439201575
27,2011,3,10.271035736583944
27,2011,4,7.560039090639297
27,2011,5,7.938563631792413
27,2011,6,8.537807354332038
27,2011,7,11.57703328840059
27,2011,8,9.161781187876297
27,2011,9,8.308604682996911
27,2011,10,8.301349308171236
27,2011,11,10.06961126818472
27,2011,12,10.773652020187425
27,2012,1,9.71511871794401
27,2012,2,10.17495866190773
27,2012,3,8.91557744484156
27,2012,4,7.677995996963022
27,2012,5,7.318817266937123
27,2012,6,8.253666754306733
27,2012,7,10.870801918707484
27,2012,8,8.974900743188906
27,2012,9,7.9040677630166885
27,2012,10,8.074204696671945
27,2012,11,12.657031115526914
27,2012,12,13.922872878820067
27,2013,1,10.608047601367817
27,2013,2,10.520191123295753
27,2013,3,9.486536814781088
27,2013,4,6.556107173441748
27,2013,5,6.760911019880758
27,2013,6,7.874047449495268
27,2013,7,9.66873026567803
27,2013,8,10.061425140332915
27,2013,9,7.368473952124419
27,2013,10,6.029789165673193
27,2013,11,8.757915941945583
27,2013,12,11.75840884231532
27,2014,1,7.184127324583685
27,2014,2,9.559755011809074
27,2014,3,8.84676171742537
27,2014,4,6.321717769688617
27,2014,5,6.101347548028746
27,2014,6,4.62074847458315
27,2014,7,6.729816083281275
27,2014,8,7.597317904635121
27,2014,9,5.803998510109679
27,2014,10,5.887745482122018
27,2014,11,7.924220461974308
27,2014,12,11.024109712051242
28,2011,1,9.43039300971765
28,2011,2,9.116556316199043
28,2011,3,9.591111859604258
28,2011,4,8.261705241304636
28,2011,5,8.955829779282343
28,2011,6,12.917685079603727
28,2011,7,10.635908380491658
28,2011,8,12.391363575605165
28,2011,9,9.76737347467107
28,2011,10,8.871506962013433
28,2011,11,7.281286738912783
28,2011,12,8.204888912009077
28,2012,1,7.98069939489612
28,2012,2,7.665035297510711
28,2012,3,7.816657055568661
28,2012,4,8.439630282997689
28,2012,5,11.453362974402259
28,2012,6,10.999877202241546
28,2012,7,10.274409072683586
28,2012,8,10.239105222041252
28,2012,9,9.756067953496052
28,2012,10,8.531791356126691
28,2012,11,11.224492492374045
28,2012,12,8.038365371942655
28,2013,1,9.160595388029112
28,2013,2,7.157188213645274
28,2013,3,8.972916004713932
28,2013,4,7.514371076944088
28,2013,5,7.895904948599629
28,2013,6,10.52683922730337
28,2013,7,9.578728039296598
28,2013,8,11.501008671287204
28,2013,9,11.443354895968191
28,2013,10,8.11435924100077
28,2013,11,8.103187476131295
28,2013,12,9.94028115460549
28,2014,1,8.36186101286117
28,2014,2,9.957260755685004
28,2014,3,10.269308298376037
28,2014,4,8.179595822556498
28,2014,5,8.348882415219268
28,2014,6,10.037231216610182
28,2014,7,11.740705286328826
28,2014,8,12.786276917555147
28,2014,9,9.505742265552588
28,2014,10,8.368605443165011
28,2014,11,8.9128472514858
28,2014,12,9.833006614741377
29,2011,1,14.879117977434749
29,2011,2,11.290190869896005
29,2011,3,11.819528722686291
29,2011,4,9.114881664069694
29,2011,5,8.901102046743071
29,2011,6,11.95067219353565
29,2011,7,14.367848983846939
29,2011,8,10.493591261250032
29,2011,9,9.121545426000774
29,2011,10,8.730718407886238
29,2011,11,8.39218467482155
29,2011,12,10.84962987870924
29,2012,1,9.272712376659348
29,2012,2,9.560529619055057
29,2012,3,9.225437953346379
29,2012,4,8.462158927823493
29,2012,5,9.696764315907442
29,2012,6,10.027605059979253
29,2012,7,11.621317464505337
29,2012,8,9.84862070610908
29,2012,9,8.326142988330531
29,2012,10,7.873104447481014
29,2012,11,12.20908508615781
29,2012,12,12.274510008504787
29,2013,1,10.538973122836142
29,2013,2,10.081364297764772
29,2013,3,10.109212177638659
29,2013,4,7.729951686183291
29,2013,5,7.635714013132033
29,2013,6,9.851744167899103
29,2013,7,10.432787950875817
29,2013,8,11.58160201893364
29,2013,9,10.496938569766984
29,2013,10,7.005720307080854
29,2013,11,8.156626901000557
29,2013,12,12.088014590591476
29,2014,1,7.644214795145781
29,2014,2,11.71168590561243
29,2014,3,12.993508370422681
29,2014,4,8.968445912550168
29,2014,5,8.625062334540642
29,2014,6,9.366820016398153
29,2014,7,11.015351071966093
29,2014,8,12.333757960987844
29,2014,9,9.467746422151139
29,2014,10,7.205673828051481
29,2014,11,8.224743722676523
29,2014,12,10.779623651391104
30,2011,1,8.16662762971548
30,2011,2,6.393344264527896
30,2011,3,5.299530201482709
30,2011,4,5.144999370004026
30,2011,5,4.3197231279688255
30,2011,6,5.34920873500988
30,2011,7,6.353004560290441
30,2011,8,6.917897664376926
30,2011,9,6.959338575318576
30,2011,10,5.342911707653851
30,2011,11,5.888472216957739
30,2011,12,6.929627891940681
30,2012,1,4.851478524061443
30,2012,2,5.104696370325416
30,2012,3,4.287741980353343
30,2012,4,4.382600274600996
30,2012,5,5.813858486257389
30,2012,6,4.4541299543380255
30,2012,7,7.057382080807816
30,2012,8,9.489053506951596
30,2012,9,11.573990795791548
30,2012,10,5.4836886360816015
30,2012,11,5.71785492626523
30,2012,12,4.961109493806223
30,2013,1,5.890421374701518
30,2013,2,4.40883480789184
30,2013,3,4.939063255672385
30,2013,4,3.8827092065222217
30,2013,5,4.001058942974129
30,2013,6,3.98172484718377
30,2013,7,6.130981249783682
30,2013,8,7.820070764763517
30,2013,9,4.402899960810106
30,2013,10,5.116030276657051
30,2013,11,4.91544676529479
30,2013,12,5.909018874222084
30,2014,1,6.636884365514406
30,2014,2,6.043682110637019
30,2014,3,4.98002912510703
30,2014,4,4.551243593616614
30,2014,5,4.827653041987251
30,2014,6,4.104705416380214
30,2014,7,9.784659719574613
30,2014,8,8.46104323247484
30,2014,9,5.879646652186046
30,2014,10,4.817125546201157
30,2014,11,7.374043084733565
30,2014,12,7.15171608266898
31,2011,1,10.323971946533401
31,2011,2,8.639318877446115
31,2011,3,10.276735131067962
31,2011,4,8.36674191047047
31,2011,5,6.915257759907539
31,2011,6,9.38057824943904
31,2011,7,11.211208573151994
31,2011,8,9.300207887135459
31,2011,9,7.857273439970329
31,2011,10,7.374518279837955
31,2011,11,7.941981177093139
31,2011,12,9.089850943402887
31,2012,1,7.451890433002956
31,2012,2,8.264389832262285
31,2012,3,8.155599355899364
31,2012,4,7.115253417349297
31,2012,5,7.545074097194498
31,2012,6,8.82942301902096
31,2012,7,9.959470803757123
31,2012,8,9.10907584481596
31,2012,9,8.120604779241898
31,2012,10,7.046280128101441
31,2012,11,10.608878931728395
31,2012,12,10.64312763178404
31,2013,1,8.692894520094958
31,2013,2,8.921754160334954
31,2013,3,8.615935889657534
31,2013,4,6.150551979932816
31,2013,5,5.987910191057193
31,2013,6,7.835117824457195
31,2013,7,9.267423007583591
31,2013,8,9.714009640688293
31,2013,9,7.207237041201975
31,2013,10,5.34558013229269
31,2013,11,6.575470594854321
31,2013,12,9.499153906183215
31,2014,1,6.773575388746157
31,2014,2,8.349889097960073
31,2014,3,9.077113493510346
31,2014,4,8.704199823700812
31,2014,5,7.00180253379448
31,2014,6,6.579824694428761
31,2014,7,8.889621663820284
31,2014,8,7.711396040039183
31,2014,9,6.808226378253023
31,2014,10,5.794549796511542
31,2014,11,6.74390725874744
31,2014,12,9.548563554687194
32,2011,1,10.696850727824415
32,2011,2,7.06846505491281
32,2011,3,6.107979936176314
32,2011,4,6.573994415683238
32,2011,5,6.603247135598701
32,2011,6,7.5416683582662065
32,2011,7,7.911961782914873
32,2011,8,7.094185328259142
32,2011,9,7.574238186696162
32,2011,10,7.43791089003427
32,2011,11,8.358422112670677
32,2011,12,11.774484944013473
32,2012,1,7.595097141110784
32,2012,2,5.47572903905788
32,2012,3,4.5930487100600015
32,2012,4,5.197717675365069
32,2012,5,7.011070010553389
32,2012,6,5.17366859749528
32,2012,7,6.677102294465929
32,2012,8,8.09402037225904
32,2012,9,7.3612920951023515
32,2012,10,5.479108856726563
32,2012,11,6.5118397105164245
32,2012,12,5.521784057784216
32,2013,1,9.127619207416547
32,2013,2,5.422806711737939
32,2013,3,5.0614757408858155
32,2013,4,4.4329963520382805
32,2013,5,4.847027585886091
32,2013,6,5.0183532972369225
32,2013,7,7.353900188791981
32,2013,8,8.729304114752823
32,2013,9,5.598158941378832
32,2013,10,5.3325351717792
32,2013,11,6.440207932409096
32,2013,12,9.644767772518602
32,2014,1,8.43601162303215
32,2014,2,6.3454072402097905
32,2014,3,5.14817019337735
32,2014,4,5.484337726708434
32,2014,5,5.557782535546315
32,2014,6,5.9702526170007095
32,2014,7,6.680724732450015
32,2014,8,6.100938596500339
32,2014,9,8.222601359947852
32,2014,10,4.666517201651598
32,2014,11,6.8179040586928386
32,2014,12,6.890164264753868
33,2011,1,11.924400371569163
33,2011,2,10.196062429052386
33,2011,3,6.344887467755509
33,2011,4,6.496672214244692
33,2011,5,6.180317684596377
33,2011,6,7.699972370265919
33,2011,7,10.458319042644751
33,2011,8,7.680164101303002
33,2011,9,7.986204960457295
33,2011,10,5.812705917688128
33,2011,11,8.776161867909604
33,2011,12,8.674164888820163
33,2012,1,7.592906007249283
33,2012,2,8.797772585068717
33,2012,3,7.929768455059934
33,2012,4,6.237502280209873
33,2012,5,7.440530713692799
33,2012,6,6.631735226298236
33,2012,7,9.329137005269104
33,2012,8,8.951498373736559
33,2012,9,6.09753953230069
33,2012,10,6.7045893732483215
33,2012,11,8.252225699087823
33,2012,12,7.405279101764821
33,2013,1,8.830887966298508
33,2013,2,7.369874824398367
33,2013,3,5.664169746851023
33,2013,4,5.92492849703591
33,2013,5,6.1835146484702666
33,2013,6,7.6371993675112275
33,2013,7,8.750143607737437
33,2013,8,8.098813996195947
33,2013,9,5.574530316107
33,2013,10,6.7113997437145265
33,2013,11,6.30641627555923
33,2013,12,10.176230458531668
33,2014,1,9.491516421042403
33,2014,2,9.611786778218908
33,2014,3,8.116030041391387
33,2014,4,5.715702667552675
33,2014,5,5.217195584663686
33,2014,6,6.332494508534247
33,2014,7,8.083268406470916
33,2014,8,6.681410545736461
33,2014,9,5.502664824777746
33,2014,10,5.063676115787248
33,2014,11,7.605982764069274
33,2014,12,6.104246891521362
34,2011,1,14.203015948734512
34,2011,2,10.435263341035764
34,2011,3,6.420144525239309
34,2011,4,8.329727164868636
34,2011,5,9.226851783332117
34,2011,6,12.905356836929938
34,2011,7,14.848776761912333
34,2011,8,8.924650456991843
34,2011,9,8.847406535211988
34,2011,10,7.580645187623559
34,2011,11,9.543037223661374
34,2011,12,10.293427537371874
34,2012,1,8.695924885861416
34,2012,2,9.941955177507126
34,2012,3,7.86609824482687
34,2012,4,6.6623239249424895
34,2012,5,8.276108344708494
34,2012,6,9.521382739795655
34,2012,7,10.764853427594131
34,2012,8,10.030805596501104
34,2012,9,7.311179260785146
34,2012,10,7.2792465912714
34,2012,11,10.547318834116812
34,2012,12,10.342249701197735
34,2013,1,12.562809356986882
34,2013,2,9.759454574540648
34,2013,3,6.125190703160609
34,2013,4,6.89928649828286
34,2013,5,8.18360285070156
34,2013,6,9.053911066796017
34,2013,7,10.672203329380615
34,2013,8,9.419443684732032
34,2013,9,7.411114211425996
34,2013,10,8.582515438112473
34,2013,11,6.649751059398863
34,2013,12,12.911576703099978
34,2014,1,12.625994163185153
34,2014,2,14.11087563936128
34,2014,3,9.984015542056097
34,2014,4,7.784315913395148
34,2014,5,8.528061342514743
34,2014,6,8.259523045738963
34,2014,7,9.206541624465226
34,2014,8,8.391150098561992
34,2014,9,7.891476942288183
34,2014,10,6.711837148323352
34,2014,11,8.765541963910476
34,2014,12,8.159354015610505
35,2011,1,6.4407587915370215
35,2011,2,6.130395049018092
35,2011,3,6.524863130462012
35,2011,4,7.747761434892784
35,2011,5,6.536673406308671
35,2011,6,12.219734746094218
35,2011,7,8.052737892840854
35,2011,8,5.686517025208864
35,2011,9,5.502470247676609
35,2011,10,5.4632502423030385
35,2011,11,6.375036355691961
35,2011,12,8.597145610636483
35,2012,1,6.372538969564512
35,2012,2,5.472121728795582
35,2012,3,6.447159820164741
35,2012,4,6.853462388231933
35,2012,5,7.772634857413653
35,2012,6,9.023287887755902
35,2012,7,7.293749350943378
35,2012,8,7.530228285111541
35,2012,9,7.410861317710468
35,2012,10,6.432169409666378
35,2012,11,7.8946396922168525
35,2012,12,7.291329828494882
35,2013,1,7.431692879435458
35,2013,2,5.334456007395307
35,2013,3,6.050961247110077
35,2013,4,5.5623058982500515
35,2013,5,6.0300251124222415
35,2013,6,7.677944722130105
35,2013,7,5.776258436490425
35,2013,8,5.959064335116954
35,2013,9,5.333247286847628
35,2013,10,5.120948232503008
35,2013,11,5.847242765363117
35,2013,12,7.64148490319677
35,2014,1,7.441517788191775
35,2014,2,6.164203275689933
35,2014,3,6.053741985212678
35,2014,4,5.90427629476583
35,2014,5,6.649041121285447
35,2014,6,6.779112536097463
35,2014,7,7.083083215801332
35,2014,8,5.25189251536291
35,2014,9,4.467423427154688
35,2014,10,5.19768912460094
35,2014,11,6.592365320672889
35,2014,12,7.716125296455285
36,2011,1,13.0649633447247
36,2011,2,11.294196389248867
36,2011,3,6.373669167880716
36,2011,4,8.470396199926276
36,2011,5,8.713588053649428
36,2011,6,11.209280395732764
36,2011,7,14.333678120086374
36,2011,8,9.184855757098102
36,2011,9,8.603498265187108
36,2011,10,7.026364651058088
36,2011,11,9.507726630179304
36,2011,12,9.741672154213724
36,2012,1,8.14824530284066
36,2012,2,9.293344728660378
36,2012,3,8.473600909803169
36,2012,4,7.068621227080189
36,2012,5,8.71085830266267
36,2012,6,9.31050056212053
36,2012,7,10.416843811069151
36,2012,8,10.066904783418783
36,2012,9,6.9354817101927955
36,2012,10,7.243774034763752
36,2012,11,10.38651807108579
36,2012,12,9.77374630388613
36,2013,1,11.327232763262195
36,2013,2,9.467934162464301
36,2013,3,5.951093658571912
36,2013,4,6.385028149736044
36,2013,5,7.895826928091161
36,2013,6,8.68981283551319
36,2013,7,10.345628511269968
36,2013,8,9.68199223917025
36,2013,9,7.262723743474903
36,2013,10,7.8284599109965844
36,2013,11,6.371262442848852
36,2013,12,12.318515349855247
36,2014,1,12.36018362633495
36,2014,2,13.07087038477679
36,2014,3,9.66112047389135
36,2014,4,7.5576004722770165
36,2014,5,8.04837888289184
36,2014,6,8.189241139308946
36,2014,7,9.156560409006033
36,2014,8,8.291225735471334
36,2014,9,7.697162369162974
36,2014,10,6.246998821406222
36,2014,11,7.5620292733635095
36,2014,12,7.161483717397805
37,2011,1,11.148248485488477
37,2011,2,8.962903335478138
37,2011,3,8.235185825215341
37,2011,4,7.910562378874259
37,2011,5,11.26429714023106
37,2011,6,13.903223204482122
37,2011,7,14.279783707714131
37,2011,8,11.516185782936503
37,2011,9,8.309674468453835
37,2011,10,6.9626306333145775
37,2011,11,7.157495555812236
37,2011,12,8.425532359931072
37,2012,1,8.067980969032586
37,2012,2,9.071640596581073
37,2012,3,8.22428305518611
37,2012,4,7.962492805814234
37,2012,5,8.118002590230297
37,2012,6,9.823595806072255
37,2012,7,10.86322153631551
37,2012,8,8.530022124805102
37,2012,9,7.786342214132781
37,2012,10,7.272749391419021
37,2012,11,10.42098822801468
37,2012,12,8.307274461189035
37,2013,1,9.845219111171277
37,2013,2,7.460675980856076
37,2013,3,8.312874639128323
37,2013,4,7.1645479200559405
37,2013,5,7.481150152371183
37,2013,6,8.168589127249374
37,2013,7,7.590092887703908
37,2013,8,8.731667476778227
37,2013,9,9.017562861434417
37,2013,10,8.44746730967673
37,2013,11,7.30666109984884
37,2013,12,8.555439388578941
37,2014,1,9.607406441042365
37,2014,2,10.652696599709564
37,2014,3,9.473372180497725
37,2014,4,9.091879263403415
37,2014,5,10.395440426059674
37,2014,6,9.725960019456108
37,2014,7,9.523227515780606
37,2014,8,10.061602767342693
37,2014,9,6.524122150562724
37,2014,10,7.748185557393072
37,2014,11,9.917276206187386
37,2014,12,10.299856803514576
38,2011,1,8.710959148383802
38,2011,2,7.01244377252935
38,2011,3,7.494320500550748
38,2011,4,6.63058042827125
38,2011,5,5.7256766970500586
38,2011,6,6.996046879837398
38,2011,7,7.751619301200036
38,2011,8,7.205545960437649
38,2011,9,6.592302350894309
38,2011,10,7.413652775609756
38,2011,11,7.555167543488909
38,2011,12,7.661089792353594
38,2012,1,7.244500218140407
38,2012,2,7.16334924120442
38,2012,3,7.0775530651593215
38,2012,4,6.4926518257346135
38,2012,5,6.2909467414045706
38,2012,6,6.1460208896736415
38,2012,7,9.274114486127184
38,2012,8,7.851210026641707
38,2012,9,7.52706072680702
38,2012,10,6.849587129884434
38,2012,11,9.617225198977579
38,2012,12,10.794506129931845
38,2013,1,7.514770750067217
38,2013,2,7.33548878735994
38,2013,3,7.099553554422562
38,2013,4,5.142968986814479
38,2013,5,5.5344100023728435
38,2013,6,6.300697088650126
38,2013,7,7.556045910953139
38,2013,8,7.9796844074611775
38,2013,9,5.719217779110248
38,2013,10,4.956080731445674
38,2013,11,5.9689928165511565
38,2013,12,7.259401420850399
38,2014,1,4.16950571689006
38,2014,2,5.525244736914436
38,2014,3,5.545174730539113
38,2014,4,5.181710522825982
38,2014,5,5.1767108474806625
38,2014,6,3.7577480160898316
38,2014,7,6.961453683964813
38,2014,8,6.121512132447954
38,2014,9,5.311562509696364
38,2014,10,5.158208839540822
38,2014,11,6.167361880538894
38,2014,12,8.544976739227568
39,2011,1,14.529163248502972
39,2011,2,12.6139921170621
39,2011,3,9.654395001005549
39,2011,4,8.87331647898452
39,2011,5,10.974622228752859
39,2011,6,12.768167914974276
39,2011,7,16.183789930377884
39,2011,8,12.707672543755494
39,2011,9,10.632326178007787
39,2011,10,10.02782906167733
39,2011,11,8.444494389682125
39,2011,12,11.960619553640237
39,2012,1,10.199132877918212
39,2012,2,11.262953071053587
39,2012,3,10.015621004935145
39,2012,4,8.530565482076415
39,2012,5,12.325146932507536
39,2012,6,11.062172037956454
39,2012,7,13.261277453263151
39,2012,8,11.910557203381444
39,2012,9,9.455038034583614
39,2012,10,8.085907079637025
39,2012,11,14.89517861586658
39,2012,12,12.082113946465258
39,2013,1,13.425388622987219
39,2013,2,11.34548475376159
39,2013,3,9.435366922551994
39,2013,4,8.329937169976452
39,2013,5,8.754229623187337
39,2013,6,10.869728310405005
39,2013,7,11.043205281521992
39,2013,8,12.223145916899112
39,2013,9,10.432233517751289
39,2013,10,9.038913193584426
39,2013,11,8.011457073422585
39,2013,12,12.550494750597194
39,2014,1,10.71287542619468
39,2014,2,15.500165201533603
39,2014,3,12.612734610398336
39,2014,4,9.644110496648997
39,2014,5,9.861249803511305
39,2014,6,11.517180548733483
39,2014,7,11.953671301182865
39,2014,8,12.661580264576424
39,2014,9,9.707397611271393
39,2014,10,8.465520875931151
39,2014,11,10.118538941663585
39,2014,12,11.859907467294711
40,2011,1,11.460743784014902
40,2011,2,10.001264895534714
40,2011,3,12.863225450147
40,2011,4,10.153166132273412
40,2011,5,9.529206567703817
40,2011,6,11.480460311632866
40,2011,7,10.80173820939312
40,2011,8,10.135147094182596
40,2011,9,8.48662521674165
40,2011,10,7.758080316186783
40,2011,11,7.85361767618304
40,2011,12,10.069331984245341
40,2012,1,8.22495744951467
40,2012,2,8.742054728949519
40,2012,3,7.959050738272122
40,2012,4,8.421826041439688
40,2012,5,9.787003157039594
40,2012,6,10.632557478966447
40,2012,7,10.905613970060877
40,2012,8,9.718918368752654
40,2012,9,8.24934760034778
40,2012,10,8.25817642409703
40,2012,11,9.892304188731293
40,2012,12,10.084217107054561
40,2013,1,9.431287605560781
40,2013,2,8.031085854319812
40,2013,3,8.479728090861464
40,2013,4,7.253731860440818
40,2013,5,8.125549471932732
40,2013,6,10.133123496122963
40,2013,7,10.724277013467923
40,2013,8,11.345742601227911
40,2013,9,10.430607186161652
40,2013,10,6.425861165239065
40,2013,11,7.274745745365792
40,2013,12,11.240386553685255
40,2014,1,7.078921185955782
40,2014,2,10.94998557951547
40,2014,3,11.230110892827943
40,2014,4,10.165996949287274
40,2014,5,8.029811014802942
40,2014,6,9.275349506624432
40,2014,7,11.228616213714638
40,2014,8,11.541348006928278
40,2014,9,8.729105779680168
40,2014,10,7.838177735747875
40,2014,11,6.547578835144235
40,2014,12,9.050146614950094
41,2011,1,12.01628044108613
41,2011,2,8.883424224248335
41,2011,3,4.822055954473786
41,2011,4,5.891083972713696
41,2011,5,6.064573437729424
41,2011,6,6.330428498536943
41,2011,7,6.831062241041522
41,2011,8,6.701486825440359
41,2011,9,8.480172588991106
41,2011,10,8.803182505934567
41,2011,11,11.177246186179364
41,2011,12,15.1651993293313
41,2012,1,9.609375339839978
41,2012,2,7.185718472921367
41,2012,3,5.288304788473903
41,2012,4,5.197058699839534
41,2012,5,7.038078303935392
41,2012,6,4.526159170614886
41,2012,7,6.842994523594847
41,2012,8,8.035403254701642
41,2012,9,9.231129847459535
41,2012,10,7.056470335348314
41,2012,11,7.786280976026643
41,2012,12,6.343611854819872
41,2013,1,11.804094788611902
41,2013,2,7.81755357302076
41,2013,3,6.677279238914108
41,2013,4,4.574096257305367
41,2013,5,4.744111651429381
41,2013,6,4.556201873246328
41,2013,7,7.6170196851596375
41,2013,8,7.797271097692622
41,2013,9,4.870789090341191
41,2013,10,10.46139481665692
41,2013,11,12.264068969249088
41,2013,12,15.244269584048832
41,2014,1,12.345928766620382
41,2014,2,7.912990087672334
41,2014,3,5.892731016198601
41,2014,4,5.402783489915902
41,2014,5,5.232984616748249
41,2014,6,5.250706609893691
41,2014,7,6.956721060920078
41,2014,8,7.883881656258278
41,2014,9,8.412486667366753
41,2014,10,6.322905569699966
41,2014,11,9.716162075709484
41,2014,12,7.520150208728753
42,2011,1,14.898667832032112
42,2011,2,11.588668964527221
42,2011,3,6.917325227729266
42,2011,4,8.910437565637611
42,2011,5,9.727070631633136
42,2011,6,13.026198807710566
42,2011,7,15.651690090278072
42,2011,8,10.742321015533587
42,2011,9,9.300719537425927
42,2011,10,7.810897032910131
42,2011,11,9.843981619665552
42,2011,12,11.352896475309533
42,2012,1,9.240975259554864
42,2012,2,11.279957232994146
42,2012,3,9.542426107765689
42,2012,4,7.81651396287941
42,2012,5,10.233801603600789
42,2012,6,10.462540327921962
42,2012,7,11.46546921417368
42,2012,8,11.392278907092773
42,2012,9,8.191848333903605
42,2012,10,7.976890794381189
42,2012,11,11.78906557264765
42,2012,12,10.630871503793541
42,2013,1,13.019468254028647
42,2013,2,10.382565110034111
42,2013,3,6.904255133728331
42,2013,4,6.976071244041137
42,2013,5,8.135172956661096
42,2013,6,9.434679880339088
42,2013,7,10.49474692614054
42,2013,8,10.631649996474959
42,2013,9,8.037798171347564
42,2013,10,8.591674798527691
42,2013,11,6.838851540220704
42,2013,12,13.56396170272315
42,2014,1,12.733221871706714
42,2014,2,15.3537610903347
42,2014,3,11.161738891771318
42,2014,4,8.325514585459603
42,2014,5,9.835276042095417
42,2014,6,10.405639961941977
42,2014,7,10.819376370793073
42,2014,8,10.469741468140873
42,2014,9,8.44949691320905
42,2014,10,7.505899515331322
42,2014,11,10.177968850929112
42,2014,12,10.103382969239258
44,2011,1,13.050653852723713
44,2011,2,10.942122888345294
44,2011,3,6.115554716771516
44,2011,4,6.705112190697508
44,2011,5,7.208284601831074
44,2011,6,8.489013007883818
44,2011,7,12.583564860384985
44,2011,8,7.611820550366611
44,2011,9,7.744766064403068
44,2011,10,5.67673440495096
44,2011,11,9.17456989347552
44,2011,12,8.878128006113062
44,2012,1,7.329510891474435
44,2012,2,8.752002584821685
44,2012,3,7.604399647761427
44,2012,4,6.468874082290113
44,2012,5,6.6413722923261584
44,2012,6,8.272144868685215
44,2012,7,9.669435070781281
44,2012,8,8.925337501664286
44,2012,9,5.558050481528831
44,2012,10,5.851933085743958
44,2012,11,8.286375182078286
44,2012,12,7.9252716861641765
44,2013,1,9.535280316389947
44,2013,2,7.401060533570444
44,2013,3,5.166755485740865
44,2013,4,5.612211300127597
44,2013,5,6.708419486644153
44,2013,6,8.332117721023375
44,2013,7,10.945903054948847
44,2013,8,8.540856604392404
44,2013,9,5.480613741392637
44,2013,10,6.917566679609683
44,2013,11,6.2827315428676735
44,2013,12,10.130224749021975
44,2014,1,9.048378896608712
44,2014,2,9.272485158677
44,2014,3,6.7862918836425825
44,2014,4,4.760368446900307
44,2014,5,5.433183296236234
44,2014,6,4.979068669459037
44,2014,7,7.14423195356346
44,2014,8,5.5592951182494525
44,2014,9,5.665521219094935
44,2014,10,5.349995853226239
44,2014,11,6.893039939606515
44,2014,12,6.024424457118807
45,2011,1,11.032999203595825
45,2011,2,9.593844442691427
45,2011,3,9.81667784610724
45,2011,4,8.918965031274027
45,2011,5,11.449846876707724
45,2011,6,14.800593957114582
45,2011,7,14.082940964718937
45,2011,8,12.224723523130203
45,2011,9,8.364309073961005
45,2011,10,7.617821473312032
45,2011,11,7.8898951518054785
45,2011,12,8.833305726334395
45,2012,1,9.389471854314195
45,2012,2,10.211177178717886
45,2012,3,8.538780014658128
45,2012,4,8.965845876722879
45,2012,5,8.61320188407061
45,2012,6,8.980458378640048
45,2012,7,10.143065818652897
45,2012,8,8.456886674431974
45,2012,9,8.241078919301307
45,2012,10,7.85599028716762
45,2012,11,11.182942127673865
45,2012,12,8.728458307151849
45,2013,1,10.291187116950793
45,2013,2,7.768194982986736
45,2013,3,9.270912023974521
45,2013,4,7.332255753722589
45,2013,5,7.46800984378244
45,2013,6,8.464007349574269
45,2013,7,7.306656331533541
45,2013,8,8.855179117047243
45,2013,9,10.286227112324555
45,2013,10,8.991813548669569
45,2013,11,8.432842951308222
45,2013,12,8.767864849297164
45,2014,1,9.651059689749895
45,2014,2,10.326450303919101
45,2014,3,10.28661376536768
45,2014,4,9.551891384949188
45,2014,5,9.933451495595527
45,2014,6,9.884624273545079
45,2014,7,10.142045885114808
45,2014,8,10.436136713510106
45,2014,9,7.100766440850565
45,2014,10,8.530363710970905
45,2014,11,9.986421720738427
45,2014,12,10.814996172293226
46,2011,1,8.982331529351933
46,2011,2,7.655783310814997
46,2011,3,8.44098211058788
46,2011,4,6.764414296546547
46,2011,5,5.778360207811658
46,2011,6,7.494582906456457
46,2011,7,8.638041692016042
46,2011,8,7.802353739412209
46,2011,9,6.496646331081081
46,2011,10,6.475879542000191
46,2011,11,7.528035972935183
46,2011,12,7.822594047951177
46,2012,1,6.897155379719794
46,2012,2,7.32506849318939
46,2012,3,7.617101967483033
46,2012,4,6.510665028109001
46,2012,5,6.961104766606763
46,2012,6,7.665084560056147
46,2012,7,9.899101791835351
46,2012,8,8.226234408763816
46,2012,9,7.690803141022363
46,2012,10,6.589439979939965
46,2012,11,10.481020249180252
46,2012,12,10.509107422911226
46,2013,1,8.131434752110934
46,2013,2,8.630243744415745
46,2013,3,8.318378422846738
46,2013,4,6.031515184459514
46,2013,5,5.504955640129872
46,2013,6,6.916616460162807
46,2013,7,8.558988628620986
46,2013,8,8.795308304373284
46,2013,9,6.5847111066414685
46,2013,10,4.581413109856639
46,2013,11,6.162139020861636
46,2013,12,7.809135076609129
46,2014,1,5.824662650096867
46,2014,2,6.774526134106545
46,2014,3,7.883710684986439
46,2014,4,6.739266734010005
46,2014,5,5.956562586602138
46,2014,6,4.501791798161235
46,2014,7,7.64228992990228
46,2014,8,6.588053053908639
46,2014,9,5.579477927416811
46,2014,10,5.072295880782803
46,2014,11,6.057885416870121
46,2014,12,8.28843816680169
47,2011,1,11.17365105784235
47,2011,2,9.36040888266941
47,2011,3,9.852196988894004
47,2011,4,8.383116906942757
47,2011,5,11.226426874474152
47,2011,6,13.056278318583287
47,2011,7,13.773371603469904
47,2011,8,12.761208939131082
47,2011,9,10.014330942505776
47,2011,10,8.354482683287092
47,2011,11,7.23724717843718
47,2011,12,8.399608140012868
47,2012,1,7.868753789565297
47,2012,2,8.394122943130544
47,2012,3,8.759852790638291
47,2012,4,8.737761235336261
47,2012,5,10.92116606079902
47,2012,6,11.180558315279567
47,2012,7,11.15822891752119
47,2012,8,11.229683793556937
47,2012,9,9.850365868845659
47,2012,10,8.268215720527735
47,2012,11,12.492835470868542
47,2012,12,8.92461059149163
47,2013,1,10.323544610384621
47,2013,2,7.928516163106645
47,2013,3,8.904192602993396
47,2013,4,7.809435826917387
47,2013,5,7.902558901282203
47,2013,6,10.708892495027746
47,2013,7,9.033986780032485
47,2013,8,11.377128687727284
47,2013,9,11.454151097592181
47,2013,10,9.19896229865919
47,2013,11,8.168412434866298
47,2013,12,10.167863962865358
47,2014,1,8.221873682770278
47,2014,2,10.638955499956484
47,2014,3,11.1117304400966
47,2014,4,8.694422278532148
47,2014,5,9.367202667898617
47,2014,6,9.821597184123876
47,2014,7,11.95417029810211
47,2014,8,12.496071533467438
47,2014,9,9.250659460591875
47,2014,10,8.414605570563872
47,2014,11,9.713940695072056
47,2014,12,10.980590304240618
48,2011,1,10.098864431346778
48,2011,2,9.261461233870365
48,2011,3,10.362409460574916
48,2011,4,11.081977738966456
48,2011,5,10.462505775056739
48,2011,6,10.249104141016417
48,2011,7,9.707375917079013
48,2011,8,9.541264212039792
48,2011,9,9.929044389205908
48,2011,10,8.102238248460823
48,2011,11,8.065245144905143
48,2011,12,10.167057683242954
48,2012,1,8.238748994247363
48,2012,2,7.625109398069229
48,2012,3,7.439461569956068
48,2012,4,8.29528060906305
48,2012,5,9.037461762875315
48,2012,6,9.432323237468639
48,2012,7,9.451926276495522
48,2012,8,9.085770962160638
48,2012,9,8.03428837476769
48,2012,10,7.697491110391252
48,2012,11,9.404983009037368
48,2012,12,8.24283417710555
48,2013,1,8.900804533189849
48,2013,2,7.081251479520919
48,2013,3,7.706324380479193
48,2013,4,7.3841884900994526
48,2013,5,8.157674950335386
48,2013,6,8.933749712630078
48,2013,7,9.24286900333384
48,2013,8,9.725835644570084
48,2013,9,7.920875822700464
48,2013,10,6.3337781015847385
48,2013,11,7.2017950343145625
48,2013,12,10.461768483905868
48,2014,1,8.110353712439704
48,2014,2,9.557446272273912
48,2014,3,8.715164023364435
48,2014,4,8.082586811646175
48,2014,5,7.454670854969182
48,2014,6,9.439323336194038
48,2014,7,11.090691041779655
48,2014,8,10.071988570240313
48,2014,9,7.621801427042892
48,2014,10,7.232258958410377
48,2014,11,7.5221765008272214
48,2014,12,9.00512354548755
49,2011,1,23.29448605570495
49,2011,2,6.251127354665706
49,2011,3,4.790328037054142
49,2011,4,4.507558067166067
49,2011,5,4.151265257915954
49,2011,6,5.923046539661206
49,2011,7,6.978761605695801
49,2011,8,6.489869674395754
49,2011,9,6.283353539214455
49,2011,10,5.08278822686338
49,2011,11,7.52663685922675
49,2011,12,15.736497318184847
49,2012,1,8.477502127532853
49,2012,2,5.9697322225810545
49,2012,3,4.67661423253046
49,2012,4,4.524381255588019
49,2012,5,6.692516354040221
49,2012,6,6.537923036480212
49,2012,7,7.211929799797958
49,2012,8,9.587443373333954
49,2012,9,9.235052580200062
49,2012,10,5.605903569086822
49,2012,11,6.830378561150616
49,2012,12,6.118027615808378
49,2013,1,23.83103939575169
49,2013,2,11.85787357664594
49,2013,3,6.406656832815653
49,2013,4,4.221606025878578
49,2013,5,4.322777347655863
49,2013,6,5.586893953975545
49,2013,7,7.397872759089714
49,2013,8,5.514512897487081
49,2013,9,4.370659241529486
49,2013,10,4.932579759524765
49,2013,11,6.770663158618496
49,2013,12,16.521191916449823
49,2014,1,15.188259619847216
49,2014,2,5.151194873138365
49,2014,3,4.175716261855832
49,2014,4,5.235970554505191
49,2014,5,5.598194342157654
49,2014,6,5.974661124541844
49,2014,7,7.424953116806474
49,2014,8,5.409255106453187
49,2014,9,5.164684506458036
49,2014,10,4.723348108972144
49,2014,11,6.062889623074534
49,2014,12,6.343905607577228
50,2011,1,11.436900321884496
50,2011,2,9.978122422554348
50,2011,3,6.280760260869565
50,2011,4,6.0690985072848935
50,2011,5,6.070934277882031
50,2011,6,7.455702897463768
50,2011,7,9.64543605054134
50,2011,8,7.312320479926577
50,2011,9,7.207352855615942
50,2011,10,5.602109531274262
50,2011,11,7.580190925375218
50,2011,12,8.4420398536115
50,2012,1,7.120096858627029
50,2012,2,8.35418674810322
50,2012,3,7.519506429515101
50,2012,4,6.184836073566136
50,2012,5,6.896567547954886
50,2012,6,6.375443161823751
50,2012,7,8.740102835941686
50,2012,8,8.32231942466721
50,2012,9,5.63649703425166
50,2012,10,6.075380496159382
50,2012,11,8.367800700422302
50,2012,12,7.024061400953467
50,2013,1,8.93784674688972
50,2013,2,7.352940913935984
50,2013,3,5.566239350404025
50,2013,4,5.501613942250373
50,2013,5,5.8995307004572055
50,2013,6,7.027866631869498
50,2013,7,8.37781529676009
50,2013,8,7.75562564593744
50,2013,9,5.412078439024757
50,2013,10,6.401106167076181
50,2013,11,5.541950565137121
50,2013,12,9.83206414365681
50,2014,1,9.344698846872342
50,2014,2,9.424152649191793
50,2014,3,7.889470566250606
50,2014,4,5.400829194075479
50,2014,5,4.723758303514341
50,2014,6,5.738063641791346
50,2014,7,7.468209147474639
50,2014,8,6.27353841924005
50,2014,9,5.279192053989538
50,2014,10,4.714079319106882
50,2014,11,6.880079327287284
50,2014,12,6.3435421330705
51,2011,1,11.249056650237229
51,2011,2,8.432031100716463
51,2011,3,6.591604786244783
51,2011,4,7.420785889082705
51,2011,5,10.022188083009544
51,2011,6,13.175363793849115
51,2011,7,14.702378506223875
51,2011,8,11.01336911603872
51,2011,9,7.771882017430944
51,2011,10,6.8053327422999415
51,2011,11,7.3635377136569815
51,2011,12,8.325515763815554
51,2012,1,8.271162936431578
51,2012,2,9.611407792233038
51,2012,3,8.144343283479346
51,2012,4,6.9108817838548315
51,2012,5,8.181552921295154
51,2012,6,10.2076098056301
51,2012,7,11.525007245907206
51,2012,8,10.46746053310969
51,2012,9,7.622767842131503
51,2012,10,7.359759371519161
51,2012,11,10.437758772674545
51,2012,12,10.293592444239273
51,2013,1,10.477678269858037
51,2013,2,8.43437456728191
51,2013,3,7.197270979755139
51,2013,4,7.457799008240638
51,2013,5,7.582591192252713
51,2013,6,8.301411268531941
51,2013,7,9.114285749773101
51,2013,8,9.382263234003345
51,2013,9,8.462053836783257
51,2013,10,8.189961208955776
51,2013,11,7.294309239828528
51,2013,12,9.576014788557025
51,2014,1,9.12244682404228
51,2014,2,11.243349458762529
51,2014,3,9.397134748280322
51,2014,4,7.561360030705011
51,2014,5,8.988495328448195
51,2014,6,9.435519579891245
51,2014,7,9.92361802921545
51,2014,8,9.538899029592018
51,2014,9,7.024208354264762
51,2014,10,6.567833951589987
51,2014,11,8.943036256739036
51,2014,12,9.96906098660287
53,2011,1,10.917406704311718
53,2011,2,8.475125159396502
53,2011,3,4.564880662066563
53,2011,4,5.3149541749668385
53,2011,5,5.670535946045142
53,2011,6,6.231600196696331
53,2011,7,6.200162400726459
53,2011,8,6.704417141134868
53,2011,9,7.411795968779886
53,2011,10,8.170271414589536
53,2011,11,10.18321657192998
53,2011,12,13.94837168217498
53,2012,1,9.637584085187484
53,2012,2,7.241598115397651
53,2012,3,5.285369662067349
53,2012,4,5.70899262867262
53,2012,5,7.010851027368204
53,2012,6,5.051038302279384
53,2012,7,6.906074182785413
53,2012,8,7.548353963494589
53,2012,9,10.375086595365282
53,2012,10,7.795796838877029
53,2012,11,9.06984249531131
53,2012,12,6.520629174828651
53,2013,1,10.938332357322949
53,2013,2,8.34746695737281
53,2013,3,7.1622368143832045
53,2013,4,5.081391609373356
53,2013,5,5.048786541288985
53,2013,6,4.828613014770602
53,2013,7,6.112439394818694
53,2013,8,5.754529962663207
53,2013,9,5.3645466456455395
53,2013,10,10.1001728442902
53,2013,11,10.122655934241198
53,2013,12,12.983314773050685
53,2014,1,11.782861097155136
53,2014,2,6.7610868725172
53,2014,3,5.138489192183738
53,2014,4,4.230965743172091
53,2014,5,5.260808169661691
53,2014,6,5.183873368541124
53,2014,7,7.563420021180728
53,2014,8,8.168411110238209
53,2014,9,6.685882579359935
53,2014,10,6.373414170946682
53,2014,11,10.420150222096197
53,2014,12,8.247355335789084
54,2011,1,11.644156904899216
54,2011,2,9.480832408374566
54,2011,3,7.818726151534451
54,2011,4,8.061323253412631
54,2011,5,10.117483297295255
54,2011,6,12.164127929009755
54,2011,7,16.108818913653582
54,2011,8,12.243626465759252
54,2011,9,9.275807459061825
54,2011,10,7.425341676185752
54,2011,11,7.5804309528918585
54,2011,12,9.326079977799921
54,2012,1,8.35791271523496
54,2012,2,9.655276892849667
54,2012,3,8.898325834551901
54,2012,4,7.580094270248637
54,2012,5,11.18304985530389
54,2012,6,10.54927086482879
54,2012,7,12.346759222645309
54,2012,8,11.831883854624346
54,2012,9,8.286128073324093
54,2012,10,7.5470801157907035
54,2012,11,10.898986190408198
54,2012,12,9.189632686539902
54,2013,1,10.417000598509556
54,2013,2,9.255187397509506
54,2013,3,7.758882556977257
54,2013,4,7.645082182946406
54,2013,5,8.244571784531491
54,2013,6,10.503157033115288
54,2013,7,9.715837686343512
54,2013,8,10.958641111011671
54,2013,9,10.029290065248052
54,2013,10,7.89684476603902
54,2013,11,6.534628717116602
54,2013,12,9.17275543660882
54,2014,1,8.822687314138463
54,2014,2,11.926877679574115
54,2014,3,10.17759627956728
54,2014,4,8.863503066244023
54,2014,5,9.411155402722441
54,2014,6,10.519773555502223
54,2014,7,11.35657063055826
54,2014,8,10.988744541838264
54,2014,9,8.259728830546461
54,2014,10,7.312511203586266
54,2014,11,9.085783806964523
54,2014,12,10.252836171615508
55,2011,1,13.330231317434745
55,2011,2,12.288806085944248
55,2011,3,11.103667031465127
55,2011,4,8.011894155935186
55,2011,5,7.468333712575388
55,2011,6,9.868588730449646
55,2011,7,11.042430170159712
55,2011,8,8.796300614307661
55,2011,9,6.983463291733672
55,2011,10,9.156434664458638
55,2011,11,9.194551374027817
55,2011,12,10.659472169666827
55,2012,1,11.029130127396185
55,2012,2,10.498250337517263
55,2012,3,9.1340878675019
55,2012,4,6.734326947873629
55,2012,5,7.753386774999954
55,2012,6,7.863192268953419
55,2012,7,10.576034871668076
55,2012,8,8.564029023057815
55,2012,9,6.225427591575306
55,2012,10,6.855845633028845
55,2012,11,13.565389170257003
55,2012,12,11.807628219978726
55,2013,1,11.388901681134822
55,2013,2,11.106612657238738
55,2013,3,8.094822795269256
55,2013,4,6.662000604260059
55,2013,5,7.448631987182066
55,2013,6,7.870332372450848
55,2013,7,9.584143628520465
55,2013,8,9.312863667774108
55,2013,9,7.479734105940472
55,2013,10,6.3479125077670675
55,2013,11,7.689942107326799
55,2013,12,11.618846785369426
55,2014,1,9.52221963224005
55,2014,2,13.308308669655286
55,2014,3,10.81403752583349
55,2014,4,7.9157784635342185
55,2014,5,7.500385681931498
55,2014,6,7.244395935968589
55,2014,7,8.479765986210626
55,2014,8,9.621948953923356
55,2014,9,7.8585529092799336
55,2014,10,6.098358280792239
55,2014,11,9.612981739390671
55,2014,12,12.639695980187806
56,2011,1,7.461089650293255
56,2011,2,5.761614668831169
56,2011,3,5.293219031100478
56,2011,4,5.037167832145584
56,2011,5,4.199927821114369
56,2011,6,6.27928173030303
56,2011,7,6.5331138807021105
56,2011,8,6.452161817448681
56,2011,9,6.27613179570707
56,2011,10,4.99389002795185
56,2011,11,5.4286271444444445
56,2011,12,7.192488894916911
56,2012,1,4.864830955026951
56,2012,2,5.448075025378627
56,2012,3,4.690346506060319
56,2012,4,4.623818429274707
56,2012,5,6.092592202739775
56,2012,6,6.855387538703584
56,2012,7,8.322904511372972
56,2012,8,9.538371592140118
56,2012,9,9.365764284779154
56,2012,10,4.731396946475707
56,2012,11,5.456054013147764
56,2012,12,5.302858942174646
56,2013,1,7.090583396198037
56,2013,2,4.645022440552841
56,2013,3,4.878965792728537
56,2013,4,4.280508217941739
56,2013,5,4.35461317509819
56,2013,6,5.0330113231525155
56,2013,7,6.5272067773079225
56,2013,8,6.49781110994836
56,2013,9,3.9386597549727087
56,2013,10,4.391618922745083
56,2013,11,4.867407072909463
56,2013,12,6.005087129926271
56,2014,1,3.290444953809363
56,2014,2,4.476926788905222
56,2014,3,3.24297508743288
56,2014,4,3.7925745416907315
56,2014,5,4.02904939129304
56,2014,6,3.807419862771413
56,2014,7,7.313630880062503
56,2014,8,5.40752330103387
56,2014,9,4.7118814025334625
56,2014,10,3.6991773660134593
56,2014,11,3.5735861244506535
56,2014,12,3.940924564818989
